,InChIKey,HMDB,KEGG
C03173_(Methylthio)acetate,HGTBAIVLETUVCG-UHFFFAOYSA-N,HMDB0035646,C03173
C03969_1-Amino-1-cyclopentanecarboxylate,NILQLFBWTXNUOE-UHFFFAOYSA-N,HMDB0062225,C03969
C01234_1-Aminocyclopropane-1-carboxylate,PAJPWUMXBYXFCZ-UHFFFAOYSA-N,HMDB0036458,C01234
C03782_1-Aminoethylphosphonate,UIQSKEDQPSEGAU-UWTATZPHSA-N,,C03782
C11118_1-Methyl-2-pyrrolidinone,SECXISVLQFMRJM-UHFFFAOYSA-N,HMDB0002039,C11118
C02494_1-Methyladenosine,GFYLSDSUCHVORB-IOSLPCCCSA-N,HMDB0003331,C02494
C05127_1-Methylhistamine,FHQDWPCFSJMNCT-UHFFFAOYSA-N,HMDB0000898,C05127
C02918_1-Methylnicotinamide,LDHMAVIPBRSVRG-UHFFFAOYSA-O,HMDB0000699,C02918
"C00986_1,3-Diaminopropane",XFNJVJPLKCPIBV-UHFFFAOYSA-N,HMDB0000002,C00986
C02774_10-Hydroxydecanoate,YJCJVMMDTBEITC-UHFFFAOYSA-N,,C02774
C00881_2'-Deoxycytidine,CKTSBUTUHBMZGZ-SHYZEUOFSA-N,HMDB0000014,C00881
C00330_2'-Deoxyguanosine,YKBGVTZYEHREMT-KVQBGUIXSA-N,HMDB0000085,C00330
C05512_2'-Deoxyinosine,VGONTNSXDCQUGY-RRKCRQDMSA-N,HMDB0000071,C05512
"C02354_2',3'-cCMP",NMPZCCZXCOMSDQ-XVFCMESISA-N,HMDB0011691,C02354
C05672_2-Amino-3-phosphonopropionate,LBTABPSJONFLPO-UHFFFAOYSA-N,HMDB0000370,C05672
C10901_2-Aminobenzimidazole,JWYUFVNJZUSCSM-UHFFFAOYSA-N,,C10901
C03557_2-Aminoethylphosphonate,QQVDJLLNRSOCEL-UHFFFAOYSA-N,HMDB0011747,C03557
C01987_2-Aminophenol,CDAWCLOXVUBKRW-UHFFFAOYSA-N,METPA0236,C01987
C06369_2-Deoxyglucose 6-phosphate,UQJFZAAGZAYVKZ-CERMHHMHSA-N,,C06369
C00672_2-Deoxyribose 1-phosphate,KBDKAJNTYKVSEK-VPENINKCSA-N,HMDB0001351,C00672
C02627_2-Deoxystreptamine,DTFAJAKTSMLKAT-JDCCYXBGSA-N,,C02627
C01546_2-Furoate,SMNDYUVBFMFKNZ-UHFFFAOYSA-N,HMDB0000617,C01546
C10898_2-Guanidinobenzimidazole,JJWCTKUQWXYIIU-UHFFFAOYSA-N,,C10898
C03264_2-Hydroxy-4-methylpentanoate,LVRFTAZAXQPQHI-RXMQYKEDSA-N,HMDB0000665,C03264
C05984_2-Hydroxybutyrate,AFENDNXGAFYKQO-VKHMYHEASA-N,HMDB0000008,C05984
C02630_2-Hydroxyglutarate,HWXBTNAVRSUOJR-UHFFFAOYSA-N,HMDB0059655,C02630
-_2-Hydroxyisobutyrate,BWLBGMIXKSTLSX-UHFFFAOYSA-N,HMDB0000729,
-_2-Hydroxyoctanoate,JKRDADVRIYVCCY-UHFFFAOYSA-N,HMDB0000711,
-_2-Hydroxypentanoate,JRHWHSJDIILJAT-UHFFFAOYSA-N,HMDB0001863,
C05852_2-Hydroxyphenylacetate,CCVYRRGZDBSHFU-UHFFFAOYSA-N,HMDB0000669,C05852
C02504_2-Isopropylmalate,BITYXLXUCSKTJS-ZETCQYMHSA-N,HMDB0000402,C02504
C00322_2-Oxoadipate,FGSBNBBHOZHUBO-UHFFFAOYSA-N,HMDB0000225,C00322
C00109_2-Oxobutyrate,TYEYBOSBBBHJIV-UHFFFAOYSA-N,HMDB0000005,C00109
C00026_2-Oxoglutarate,KPGXRSRHYNQIFN-UHFFFAOYSA-N,HMDB0000208,C00026
C00141_2-Oxoisopentanoate,QHKABHOOEWYVLI-UHFFFAOYSA-N,HMDB0000019,C00141
-_2-Oxooctanoate,GPPUPQFYDYLTIY-UHFFFAOYSA-N,HMDB0013211,
C06325_2-Quinolinecarboxylate,LOAUVZALPPNFOQ-UHFFFAOYSA-N,HMDB0000842,C06325
C02595_2-Thiopheneacetate,SMJRBWINMFUUDS-UHFFFAOYSA-N,HMDB0029718,C02595
"C06393_2,3-Diaminopropionate",PECYZEOJVXMISF-UHFFFAOYSA-N,HMDB0002006,C06393
"C01159_2,3-DPG",XOHUEYCVLUUEJJ-UWTATZPHSA-N,HMDB0001294,C01159
"C03722_2,3-Pyridinedicarboxylate",GJAWHXHKYYXBSV-UHFFFAOYSA-N,HMDB0000232,C03722
"C03283_2,4-Diaminobutyrate",OGNSCSPNOLGXSM-VKHMYHEASA-N,HMDB0002362,C03283
"C03030_2,4-Dihydroxypyrimidine-5-carboxylate",ZXYAAVBXHKCJJB-UHFFFAOYSA-N,,C03030
"C11003_2,4-Dimethylaniline",CZZZABOKJQXEBO-UHFFFAOYSA-N,,C11003
"C00628_2,5-Dihydroxybenzoate",WXTMDXOMEHJXQO-UHFFFAOYSA-N,HMDB0000152,C00628
C02356_2AB,QWCKQJZIFLGMSD-VKHMYHEASA-N,HMDB0000452,C02356
C00631_2PG,GXIURPTVHJPJLF-UWTATZPHSA-N,HMDB0003391,C00631
C01367_3'-AMP,LNQVTSROQXJCDD-KQYNXXCUSA-N,HMDB0003540,C01367
"C00968_3',5'-Cyclic dAMP",MKMZAENVDZADSW-RRKCRQDMSA-N,,C00968
C01198_3-(2-Hydroxyphenyl)propionate,CJBDUOMQLFKVQC-UHFFFAOYSA-N,HMDB0033752,C01198
C01744_3-(4-Hydroxyphenyl)propionate,NMHMNPHRMNGLLB-UHFFFAOYSA-N,HMDB0002199,C01744
C07091_3-Acetylacrylate,XGTKSWVCNVUVHG-IHWYPQMZSA-N,HMDB0060461,C07091
C05145_3-Aminoisobutyrate,QCHPKSFMDHPSNR-UHFFFAOYSA-N,HMDB0003911,C05145
"C06057_3-Aminopropane-1,2-diol",KQIGMPWTAHJUMN-VKHMYHEASA-N,,C06057
C05670_3-Aminopropionitrile,AGSPXMVUFBBBMO-UHFFFAOYSA-N,HMDB0004101,C05670
C02635_3-Chloroalanine,ASBJGPTTYPEMLP-REOHCLBHSA-N,,C02635
C03761_3-Hydroxy-3-methylglutarate,NPOAOTPXWNWTSH-UHFFFAOYSA-N,HMDB0000355,C03761
C00632_3-Hydroxyanthranilate,WJXSWCUQABXPFS-UHFFFAOYSA-N,HMDB0001476,C00632
C01089_3-Hydroxybutyrate,WHBMMWSBFZVSSR-GSVOUGTGSA-N,HMDB0000357,C01089
C02794_3-Hydroxykynurenine,VCKPUUFAIGNJHC-UHFFFAOYSA-N,HMDB0000732,C02794
C01013_3-Hydroxypropionate,ALRHLSYJTWAHJZ-UHFFFAOYSA-N,HMDB0000700,C01013
C11284_3-Indolebutyrate,JTEDVYBZBROSJT-UHFFFAOYSA-N,HMDB0002096,C11284
-_3-Indoxyl sulfate,BXFFHSIDQOFMLE-UHFFFAOYSA-N,HMDB0000682,
C02515_3-Iodotyrosine,UQTZMGFTRHFAAM-ZETCQYMHSA-N,HMDB0000021,C02515
C05587_3-Methoxytyramine,DIVQKHQLANKJQO-UHFFFAOYSA-N,HMDB0000022,C05587
C00913_3-Methyladenine,FSASIHFSFGAIJM-UHFFFAOYSA-N,HMDB0011600,C00913
C08262_3-Methylbutanoate,GWYFCOCPABKNJV-UHFFFAOYSA-N,HMDB0000718,C08262
C02230_3-Methylguanine,XHBSBNYEHDQRCP-UHFFFAOYSA-N,HMDB0001566,C02230
C01152_3-Methylhistidine,JDHILDINMRGULE-LURJTMIESA-N,HMDB0000479,C01152
C05607_3-Phenyllactate,VOXXWSYKYCBWHO-MRVPVSSYSA-N,HMDB0000779,C05607
C05629_3-Phenylpropionate,XMIIGOLPHOKFCH-UHFFFAOYSA-N,HMDB0000764,C05629
C02642_3-Ureidopropionate,JSJWCHRYRHKBBW-UHFFFAOYSA-N,HMDB0000026,C02642
"C02465_3,3',5-Triiodothyronine",AUYYCJSJGJYCDS-LBPRGKRZSA-N,HMDB0000265,C02465
"C01060_3,5-Diiodo-tyrosine",NYPYHUZRZVSYKL-ZETCQYMHSA-N,,C01060
C00197_3PG,OSJPPGNTCRNQQC-UWTATZPHSA-N,HMDB0000807,C00197
C05135_4-(beta-Acetylaminoethyl)imidazole,XJWPISBUKWZALE-UHFFFAOYSA-N,HMDB0013253,C05135
C02129_4-Acetylbutyrate,MGTZCLMLSSAXLD-UHFFFAOYSA-N,HMDB0061881,C02129
C03678_4-Amino-3-hydroxybutyrate,YQGDEPYYFWUPGO-UHFFFAOYSA-N,HMDB0061877,C03678
C02518_4-Aminosalicylate,WUBBRNOQWQTFEX-UHFFFAOYSA-N,HMDB0014378,C02518
C05584_4-Hydroxy-3-methoxymandelate,CGQCWMIAEPEHNQ-UHFFFAOYSA-N,HMDB0000291,C05584
C11527_4-Hydroxymandelate,YHXHKYRQLYQUIH-UHFFFAOYSA-N,HMDB0000822,C11527
C05562_4-Hydroxymethylimidazole,QDYTUZCWBJRHKK-UHFFFAOYSA-N,,C05562
C00233_4-Methyl-2-oxopentanoate,BKAJNAXTPSGJCU-UHFFFAOYSA-N,HMDB0000695,C00233
C04294_4-Methyl-5-thiazoleethanol,BKAWJIRCKVUVED-UHFFFAOYSA-N,HMDB0032985,C04294
C01180_4-Methylthio-2-oxobutyrate,SXFSQZDSUWACKX-UHFFFAOYSA-N,HMDB0001553,C01180
-_4-Oxopentanoate,JOOXCMJARBKPKM-UHFFFAOYSA-N,HMDB0000720,
C00847_4-Pyridoxate,HXACOUQIXZGNBF-UHFFFAOYSA-N,HMDB0000017,C00847
C05198_5'-Deoxyadenosine,XGYIMTFOTBMPFP-KQYNXXCUSA-N,HMDB0001983,C05198
C00430_5-Aminolevulinate,ZGXJTSGNIOSYLO-UHFFFAOYSA-N,HMDB0001149,C00430
C00431_5-Aminovalerate,JJMDCOVWQOJGCB-UHFFFAOYSA-N,HMDB0003355,C00431
C05635_5-Hydroxyindoleacetate,DUUGKQCEGZLZNO-UHFFFAOYSA-N,HMDB0000763,C05635
C16741_5-Hydroxylysine,YSMODUONRAFBET-UHNVWZDZSA-N,HMDB0000450,C16741
C00643_5-Hydroxytryptophan,LDCYZAJDBXYCGN-VIFPVBQESA-N,HMDB0000472,C00643
"C08309_5-Methoxy-N,N-dimethyltryptamine",ZSTKHSQDNIGFLM-UHFFFAOYSA-N,HMDB0002004,C08309
C05660_5-Methoxyindoleacetate,COCNDHOPIHDTHK-UHFFFAOYSA-N,HMDB0004096,C05660
C05659_5-Methoxytryptamine,JTEJPPKMYBDEMY-UHFFFAOYSA-N,HMDB0004095,C05659
C03592_5-Methyl-2'-deoxycytidine,LUCHPKXVUGJYGU-XLPZGREQSA-N,HMDB0002224,C03592
C02376_5-Methylcytosine,LRSASMSXMSNRBT-UHFFFAOYSA-N,HMDB0002894,C02376
C00440_5-Methyltetrahydrofolate,ZNOVTXRBGFNYRX-ABLWVSNPSA-N,HMDB0001396,C00440
C00170_5-Methylthioadenosine,WUUGFSXJNOTRMR-IOSLPCCCSA-N,HMDB0001173,C00170
C01879_5-Oxoproline,ODHCTXKNWHHXJC-VKHMYHEASA-N,HMDB0000267,C01879
"C03114_5,6-Dimethylbenzimidazole",LJUQGASMPRMWIW-UHFFFAOYSA-N,HMDB0003701,C03114
C02378_6-Aminohexanoate,SLXKOJJOQWFEFD-UHFFFAOYSA-N,HMDB0001901,C02378
C06103_6-Hydroxyhexanoate,IWHLYPDWHHPVAA-UHFFFAOYSA-N,HMDB0012843,C06103
C01020_6-Hydroxynicotinate,BLHCMGRVFXRYRN-UHFFFAOYSA-N,HMDB0002658,C01020
C08434_6-Methylaminopurine,CKOMXBHMKXXTNW-UHFFFAOYSA-N,HMDB0002099,C08434
C00345_6-Phosphogluconate,BIRSGZKFKXLSJQ-SQOUGZDYSA-N,HMDB0001316,C00345
C02242_7-Methylguanine,FZWGECJQACGGTI-UHFFFAOYSA-N,HMDB0000897,C02242
"C02953_7,8-Dihydrobiopterin",FEMXZDUTFRTWPE-DZSWIPIPSA-N,HMDB0000038,C02953
"C04874_7,8-Dihydroneopterin",YQIFAMYNGGOTFB-XINAWCOVSA-N,HMDB0002275,C04874
C00024_Acetyl CoA,ZSLZBFCDCINBPY-ZSJPKINUSA-N,HMDB0001206,C00024
C01996_Acetylcholine,OIPILFWXSMYKGL-UHFFFAOYSA-N,HMDB0000895,C01996
C00147_Adenine,GFFGJBXGBJISGV-UHFFFAOYSA-N,HMDB0000034,C00147
C00212_Adenosine,OIRDTQYFTABQOQ-KQYNXXCUSA-N,HMDB0000050,C00212
"C00054_Adenosine 3',5'-diphosphate",WHTCPDAXWFLDIH-KQYNXXCUSA-N,HMDB0000061,C00054
C00224_Adenosine 5'-phosphosulfate,IRLPACMLTUPBCL-KQYNXXCUSA-N,HMDB0001003,C00224
C03794_Adenylosuccinate,OFBHPPMPBOJXRT-VWJPMABRSA-N,HMDB0000536,C03794
C06104_Adipate,WNLRTRBMVRJNCN-UHFFFAOYSA-N,HMDB0000448,C06104
C03626_ADMA,YDGMGEXADBMOMJ-LURJTMIESA-N,HMDB0001539,C03626
C00008_ADP,XTWYTFMLZFPYCI-KQYNXXCUSA-N,HMDB0001341,C00008
C00498_ADP-glucose,WFPZSXYXPSUOPY-ROYWQJLOSA-N,HMDB0006557,C00498
C00301_ADP-ribose,SRNWOUGRCWSEMX-KEOHHSTQSA-N,HMDB0001178,C00301
C00179_Agmatine,QYPPJABKJHAVHS-UHFFFAOYSA-N,HMDB0001432,C00179
C04677_AICAR,NOTGFIUVDGNKRI-UUOKFMHZSA-N,HMDB0001517,C04677
C00041_Ala,QNAYBMKLOCPYGJ-REOHCLBHSA-N,HMDB0000161,C00041
C00993_Ala-Ala,DEFJQIDDEAULHB-SYPWQXSBSA-N,HMDB0003459,C00993
C00499_Allantoate,NUCLJNSWZCHRKL-UHFFFAOYSA-N,HMDB0001209,C00499
C01551_Allantoin,POJWUDADGALRAB-UHFFFAOYSA-N,HMDB0000462,C01551
C08265_Alliin,XUHLIQGRKRUKPH-ITZCMCNPSA-N,HMDB0029441,C08265
C00956_alpha-Aminoadipate,OYIFNHCXNCRBQI-BYPYZUCNSA-N,HMDB0000510,C00956
C02455_alpha-Methylbenzylamine,RQEUFEKYXDPUSK-UHFFFAOYSA-N,HMDB0002017,C02455
C02115_Alpha-Methylserine,CDUUKBXTEOFITR-SCSAIBSYSA-N,,C02115
C06818_Amantadine,DKNWSYNQZKUICI-UHFFFAOYSA-N,HMDB0015051,C06818
C00020_AMP,UDMBCSSLTHHNCD-KQYNXXCUSA-N,HMDB0000045,C00020
C00292_Aniline,PAYRUJLWNCNPSJ-UHFFFAOYSA-N,HMDB0003012,C00292
C01262_Anserine,MYYIAHXIVFADCU-QMMMGPOBSA-N,HMDB0000194,C01262
C00108_Anthranilate,RWZYAGGXGHYGMB-UHFFFAOYSA-N,HMDB0001123,C00108
C00062_Arg,ODKSFYDXXFIFQN-BYPYZUCNSA-N,HMDB0000517,C00062
C01404_Arginine ethyl ester,AKGWUHIOEVNNPC-LURJTMIESA-N,,C01404
C03406_Argininosuccinate,KDZOASGQNOPSCU-WDSKDSINSA-N,HMDB0000052,C03406
C00152_Asn,DCXYFEDJOCDNAF-REOHCLBHSA-N,HMDB0000168,C00152
C00049_Asp,CKLJMWTZIZZHCS-REOHCLBHSA-N,HMDB0000191,C00049
C00002_ATP,ZKHQWZAMYRWXGA-KQYNXXCUSA-N,HMDB0000538,C00002
C08261_Azelate,BDJRBEYXGGNYIS-UHFFFAOYSA-N,HMDB0000784,C08261
C00813_Barbiturate,HNYOPLTXPVRDBG-UHFFFAOYSA-N,HMDB0041833,C00813
C09815_Benzamide,KXDAEFPNCMNJSK-UHFFFAOYSA-N,HMDB0004461,C09815
C01784_Benzamidine,PXXJHWLDUBFPOL-UHFFFAOYSA-N,,C01784
C02009_Benzimidazole,HYZJCKYKOHLVJF-UHFFFAOYSA-N,,C02009
C00180_Benzoate,WPYMKLBDIGXBTP-UHFFFAOYSA-N,HMDB0013677,C00180
C02137_Benzoylformate,FAQJJMHZNSSFSM-UHFFFAOYSA-N,HMDB0001587,C02137
C09816_Benzylsuccinate,GTOFKXZQQDSVFH-SECBINFHSA-N,HMDB0142179,C09816
C00099_beta-Ala,UCMIRNVEIXFBKS-UHFFFAOYSA-N,HMDB0000056,C00099
C05341_beta-Ala-Lys,PLDCWKCPEXNWJH-ZETCQYMHSA-N,HMDB0060442,C05341
C02512_beta-Cyanoalanine,BXRLWGXPSRYJDZ-VKHMYHEASA-N,,C02512
C05568_beta-Imidazolelactate,ACZFBYCNAVEFLC-UHFFFAOYSA-N,,C05568
C02486_beta-Leucine,GLUJNGJDHCTUJY-RXMQYKEDSA-N,HMDB0003640,C02486
C00719_Betaine,KWIUHFFTVRNATP-UHFFFAOYSA-N,HMDB0000043,C00719
C00576_Betaine aldehyde,SXKNCCSPZDCRFD-UHFFFAOYSA-N,HMDB0001252,C00576
C08269_Betonicine,MUNWAHDYFVYIKH-RITPCOANSA-N,HMDB0029412,C08269
C00120_Biotin,YBJHBAHKTGYVGT-ZKWXMUAHSA-N,HMDB0000030,C00120
C03375_Bis(3-aminopropyl)amine,OTBHHUPVCYLGQO-UHFFFAOYSA-N,HMDB0011634,C03375
C00246_Butyrate,FERIUCNNQQJTOY-UHFFFAOYSA-N,HMDB0000039,C00246
C01672_Cadaverine,VHRGRCVQAFMJIZ-UHFFFAOYSA-N,HMDB0002322,C01672
C00575_cAMP,IVOMOUWHDPKRLL-KQYNXXCUSA-N,HMDB0000058,C00575
C00308_Canavanine,FSBIGDSBMBYOPN-VKHMYHEASA-N,HMDB0002706,C00308
C00438_Carbamoylaspartate,HLKXYZVTANABHZ-REOHCLBHSA-N,HMDB0000828,C00438
C00169_Carbamoylphosphate,FFQKYPRQEYGKAF-UHFFFAOYSA-N,HMDB0001096,C00169
C00318_Carnitine,PHIQHXFUZVPYII-ZCFIWIBFSA-N,HMDB0000062,C00318
C00386_Carnosine,CQOVPNPJLQNMDC-ZETCQYMHSA-N,HMDB0000033,C00386
C02256_Castanospermine,JDVVGAQPNNXQDW-TVNFTVLESA-N,,C02256
C00112_CDP,ZWIADYZPOWUWEW-XVFCMESISA-N,HMDB0001546,C00112
C00307_CDP-choline,RZZPDXZPRHQOCG-OJAKKHQRSA-N,HMDB0001413,C00307
C00942_cGMP,ZOOGRGPOEVQQDX-UUOKFMHZSA-N,HMDB0001314,C00942
C00695_Cholate,BHQCQFFYRZLCQQ-OELDTZBJSA-N,HMDB0000619,C00695
C00114_Choline,OEYIOHPDSNJKLS-UHFFFAOYSA-N,HMDB0000097,C00114
C00943_cIMP,DMJWGQPYNRPLGA-KQYNXXCUSA-N,,C00943
C00417_cis-Aconitate,GTZCVFVGUGFEME-IWQZZHSRSA-N,HMDB0000072,C00417
C02226_Citraconate,HNEGQIOMVPPMNR-IHWYPQMZSA-N,HMDB0000634,C02226
C02614_Citramalate,XFTRTWQBIOMVPK-YFKPBYRVSA-N,HMDB0000426,C02614
C00158_Citrate,KRKNYBCHXYNGOX-UHFFFAOYSA-N,HMDB0000094,C00158
C00327_Citrulline,RHGKLRLOHDJJDR-BYPYZUCNSA-N,HMDB0000904,C00327
C00055_CMP,IERHLVCPSMICTF-XVFCMESISA-N,HMDB0000095,C00055
C00128_CMP-N-acetylneuraminate,TXCIAUNLDRJGJZ-BILDWYJOSA-N,HMDB0001176,C00128
C00010_CoA,RGJOEKWQDUBAIZ-IBOSZNHHSA-N,HMDB0001423,C00010
C00300_Creatine,CVSVTCORWBXHQV-UHFFFAOYSA-N,HMDB0000064,C00300
C00791_Creatinine,DDRJAANPRJIHGJ-UHFFFAOYSA-N,HMDB0000562,C00791
C01771_Crotonate,LDHQCZJRKDOVOX-NSCUHMNNSA-N,HMDB0010720,C01771
C00063_CTP,PCDQPRRSZKQHHS-XVFCMESISA-N,HMDB0000082,C00063
C02823_Cyanocobalamin,RMRCNWBMXRMIRW-UVKKECPRSA-L,HMDB0000607,C02823
C00571_Cyclohexylamine,PAFZNILMFXTMIY-UHFFFAOYSA-N,HMDB0031404,C00571
C00097_Cys,XUJNEKJLAYXESH-REOHCLBHSA-N,HMDB0000574,C00097
C01419_Cys-Gly,ZUKPVRWZDMRIEO-VKHMYHEASA-N,HMDB0000078,C01419
C02291_Cystathionine,ILRYLPWNYFXEMH-WHFBIAKZSA-N,HMDB0000099,C02291
C01678_Cysteamine,UFULAYFCSOUIOV-UHFFFAOYSA-N,HMDB0002991,C01678
C00506_Cysteate,XVOYSCVBGLVSOL-REOHCLBHSA-N,HMDB0002757,C00506
C05824_Cysteine S-sulfate,NOKPBJYHPHHWAN-REOHCLBHSA-N,HMDB0000731,C05824
C00606_Cysteine sulfinate,ADVPTQAUNPRNPO-REOHCLBHSA-N,HMDB0000996,C00606
C00491_Cystine,LEVWYRKDKASIDU-IMJSIDKUSA-N,HMDB0000192,C00491
C00475_Cytidine,UHDGCWIWMRVCDJ-XVFCMESISA-N,HMDB0000089,C00475
C00380_Cytosine,OPTASPLRGRRNAP-UHFFFAOYSA-N,HMDB0000630,C00380
C00206_dADP,DAEAPNUQQAICNR-RRKCRQDMSA-N,HMDB0001508,C00206
C00360_dAMP,KHWCHTKSEGGWEX-RRKCRQDMSA-N,HMDB0000905,C00360
C00131_dATP,SUYVUBYJARFZHO-RRKCRQDMSA-N,HMDB0001532,C00131
C04483_DCA,KXGVEGMKQFWNSR-LLQZFEROSA-N,HMDB0000626,C04483
C00705_dCDP,FTDHDKPUHBLBTL-SHYZEUOFSA-N,HMDB0001245,C00705
C00239_dCMP,NCMVOABPESMRCP-SHYZEUOFSA-N,HMDB0001202,C00239
C00458_dCTP,RGWHQCVHVJXOKC-SHYZEUOFSA-N,HMDB0000998,C00458
C00857_Deamido-NAD+,SENPVEZBRZQVST-HISDBWNOSA-O,HMDB0001179,C00857
C01571_Decanoate,GHVNFZFCNZKVNT-UHFFFAOYSA-N,HMDB0000511,C01571
C01909_Desthiobiotin,AUTOLBMXDDTRRT-UHFFFAOYSA-N,HMDB0003581,C01909
C00286_dGTP,HAAZLUGHYHWQIW-KVQBGUIXSA-N,HMDB0001440,C00286
C00111_DHAP,GNGACRATGGDKBX-UHFFFAOYSA-N,HMDB0001473,C00111
_Diazoxide,GDLBFKVLRPITMI-UHFFFAOYSA-N,HMDB0015251,C06949
C06772_Diethanolamine,ZBCBWPMODOFKDW-UHFFFAOYSA-N,HMDB0004437,C06772
C02273_Digalacturonate,IGSYEZFZPOZFNC-LKIWRGPLSA-N,HMDB0039721,C02273
C00337_Dihydroorotate,UFIVEPVSAGBUSI-REOHCLBHSA-N,HMDB0000528,C00337
C00429_Dihydrouracil,OIVLITBTBDPEFK-UHFFFAOYSA-N,HMDB0000076,C00429
C11016_Diphenylamine,DMBHHRLKUKUOEG-UHFFFAOYSA-N,HMDB0032562,C11016
C01345_dITP,UFJPAQSLHAGEBL-RRKCRQDMSA-N,HMDB0003537,C01345
C02678_Dodecanedioate,TVIDDXQYHWJXFK-UHFFFAOYSA-N,HMDB0000623,C02678
C02679_Dodecanoate,POULHZVOKOAJMA-UHFFFAOYSA-N,HMDB0000638,C02679
C00355_DOPA,WTDRDQBEARUVNC-LURJTMIESA-N,HMDB0000609,C00355
C03758_Dopamine,VYFYYTLLBUKUHU-UHFFFAOYSA-N,HMDB0000073,C03758
C00363_dTDP,UJLXYODCHAELLY-XLPZGREQSA-N,HMDB0001274,C00363
C00364_dTMP,GYOZYWVXFNDGLU-XLPZGREQSA-N,HMDB0001227,C00364
C00459_dTTP,NHVNXKFIZYSCEB-XLPZGREQSA-N,HMDB0001342,C00459
C01346_dUDP,QHWZTVCCBMIIKE-SHYZEUOFSA-N,HMDB0001000,C01346
C00365_dUMP,JSRLJPSBLDHEIO-SHYZEUOFSA-N,HMDB0001409,C00365
C00460_dUTP,AHCYMLUZIRLXAA-SHYZEUOFSA-N,HMDB0001191,C00460
C06231_Ectoine,WQXNXVUDBPYKBA-YFKPBYRVSA-N,METPA0797,C06231
C00788_Epinephrine,UCTWMZQNUQWSLP-VIFPVBQESA-N,HMDB0000068,C00788
C00346_Ethanolamine phosphate,SUHOOTKUPISOBE-UHFFFAOYSA-N,HMDB0000224,C00346
"C00354_F1,6P",RNBGYGVWRKECFJ-VRPWFDPXSA-N,HMDB0001058,C00354
C00085_F6P,BGWGXPAPYGQALX-VRPWFDPXSA-N,HMDB0000124,C00085
C00016_FAD,VWWQXMAJTJZDQX-UYBVJOGSSA-N,HMDB0001248,C00016
C00504_Folate,OVBPIULPVIDEAO-LBPRGKRZSA-N,HMDB0000121,C00504
C00122_Fumarate,VZCYOOQTPOCHFL-OWOJBTEDSA-N,HMDB0000134,C00122
C00103_G1P,HXXFSFRBOHSIMQ-VFUOTHLCSA-N,HMDB0001586,C00103
C00661_G3P,LXJXRIRHZLFYRP-UHFFFAOYSA-N,HMDB0000807,C00661
C00092_G6P,NBSCHQHZLSJFNQ-GASJEMHNSA-N,HMDB0001401,C00092
C00334_GABA,BTCSSZJGUNDROE-UHFFFAOYSA-N,HMDB0000112,C00334
C04037_Galacturonate 1-phosphate,AIQDYKMWENWVQJ-DTEWXJGMSA-N,,C04037
C01181_gamma-Butyrobetaine,JHPNVNIEXXLNTR-UHFFFAOYSA-O,HMDB0001161,C01181
C00669_gamma-Glu-cys,RITKHVBHSGLULN-WHFBIAKZSA-N,HMDB0001049,C00669
C01035_gamma-Guanidinobutyrate,TUHVEAJXIMEOSA-UHFFFAOYSA-N,HMDB0003464,C01035
C00035_GDP,QGWNDRXFNXRZMB-UUOKFMHZSA-N,HMDB0001201,C00035
C00096_GDP-mannose,MVMSCBBUIHUTGJ-GDJBGNAASA-N,HMDB0062759,C00096
C00064_Gln,ZDXPYRJPNDTMRX-VKHMYHEASA-N,HMDB0000641,C00064
C00025_Glu,WHUUTDBJXJRKMK-VKHMYHEASA-N,HMDB0000148,C00025
C01425_Glu-Glu,KOSRFJWDECSPRO-WDSKDSINSA-N,HMDB0028818,C01425
C00257_Gluconate,RGHNJXZEOKUKBD-SQOUGZDYSA-N,HMDB0000625,C00257
C03752_Glucosaminate,UFYKDFXCZBTLOO-TXICZTDVSA-N,METPA0433,C03752
C00329_Glucosamine,MSWZFWKMSRAUBD-IVMDWMLBSA-N,HMDB0001514,C00329
C00352_Glucosamine 6-phosphate,XHMJOUIAFHJHBW-IVMDWMLBSA-N,HMDB0001254,C00352
C00191_Glucuronate,AEMOLEFTQBMNLQ-AQKNRBDQSA-N,HMDB0000127,C00191
C00489_Glutarate,JFCQEDHGNNZCLN-UHFFFAOYSA-N,HMDB0000661,C00489
C00127_Glutathione(ox),YPZRWBKMTBYPTK-BJDJZHNGSA-N,HMDB0003337,C00127
C00051_Glutathione(red),RWSXRVCMGQZWBV-WDSKDSINSA-N,HMDB0000125,C00051
C00037_Gly,DHMQDGOQFOQNFH-UHFFFAOYSA-N,HMDB0000123,C00037
C02037_Gly-Gly,YMAWOPBAYDPSLA-UHFFFAOYSA-N,HMDB0011733,C02037
C02155_Gly-Leu,DKEXFJVMVGETOO-LURJTMIESA-N,HMDB0000759,C02155
C00258_Glycerate,RBNPOMFGQQGHHO-UWTATZPHSA-N,HMDB0000139,C00258
C00116_Glycerol,PEDCQBHIVMGVHV-UHFFFAOYSA-N,HMDB0000131,C00116
C00093_Glycerophosphate,AWUCVROLDVIAJX-GSVOUGTGSA-N,HMDB0000126,C00093
C00670_Glycerophosphorylcholine,SUHOQUVVVLNYQR-MRVPVSSYSA-O,HMDB0000086,C00670
C01921_Glycocholate,RFDAIACWWDREDC-FRVQLJSFSA-N,HMDB0000138,C01921
C00160_Glycolate,AEMRFAOFKBGASW-UHFFFAOYSA-N,,C00160
C00048_Glyoxylate,HHLFWLYXYJOTON-UHFFFAOYSA-N,HMDB0000119,C00048
C00144_GMP,RQFCJASXJCIDSX-UUOKFMHZSA-N,HMDB0001397,C00144
C08304_Gramine,OCDGBSUVYYVKQZ-UHFFFAOYSA-N,HMDB0035762,C08304
C00044_GTP,XKMLYUALXHKNFT-UUOKFMHZSA-N,HMDB0001273,C00044
C00581_Guanidinoacetate,BPMFZUMJYQTVII-UHFFFAOYSA-N,HMDB0000128,C00581
C03139_Guanidinosuccinate,VVHOUVWJCQOYGG-REOHCLBHSA-N,HMDB0003157,C03139
C00242_Guanine,UYTPUPDQBNUYGX-UHFFFAOYSA-N,HMDB0000132,C00242
C00387_Guanosine,NYHBQMYGNKIUIF-UUOKFMHZSA-N,HMDB0000133,C00387
C09209_Harman,PSFDQSOCUJVVGF-UHFFFAOYSA-N,HMDB0035196,C09209
C17714_Heptanoate,MNWFXJYAOYHMED-UHFFFAOYSA-N,HMDB0000666,C17714
C01585_Hexanoate,FUZZWVXGSFPDMH-UHFFFAOYSA-N,HMDB0000535,C01585
C08306_Hexylamine,BMVXCPBXGZKUPN-UHFFFAOYSA-N,HMDB0032323,C08306
C01586_Hippurate,QIAFMBKCNZACKA-UHFFFAOYSA-N,HMDB0000714,C01586
C00135_His,HNDVDQJCIGZPNO-YFKPBYRVSA-N,HMDB0000177,C00135
C00388_Histamine,NTYJJOPFIAHURM-UHFFFAOYSA-N,HMDB0000870,C00388
C00860_Histidinol,ZQISRDCJNBUVMM-YFKPBYRVSA-N,HMDB0003431,C00860
C00884_Homocarnosine,CCLQKVKJOGVQLU-QMMMGPOBSA-N,HMDB0000745,C00884
C00155_Homocysteine,FFFHZYDWPBMWHY-VKHMYHEASA-N,,C00155
C01817_Homocystine,ZTVZLYBCZNMWCF-UHFFFAOYSA-N,HMDB0000575,C01817
C00263_Homoserine,UKAUYVFTDYCKQA-VKHMYHEASA-N,HMDB0000719,C00263
C05582_Homovanillate,QRMZSPFSDQBLIX-UHFFFAOYSA-N,HMDB0000118,C05582
C01015_Hydroxyproline,PMMYEEVYMWASQN-IMJSIDKUSA-N,HMDB0240251,C01015
C07044_Hydroxyurea,VSNHCAURESNICA-UHFFFAOYSA-N,HMDB0015140,C07044
C00519_Hypotaurine,VVIUBCNYACGLLV-UHFFFAOYSA-N,HMDB0000965,C00519
C00262_Hypoxanthine,FDGQSTZJBFJUBT-UHFFFAOYSA-N,HMDB0000157,C00262
C10600_Ibotenate,IRJCBFDCFXCWGO-UHFFFAOYSA-N,,C10600
C00104_IDP,JPXZQMKKFWMMGK-KQYNXXCUSA-N,HMDB0003335,C00104
C00407_Ile,AGPKZVBTJJNPAG-WHFBIAKZSA-N,HMDB0000172,C00407
C02835_Imidazole-4-acetate,PRJKNHOMHKJCEJ-UHFFFAOYSA-N,HMDB0002024,C02835
C00130_IMP,GRSZFWQUAKGDAV-KQYNXXCUSA-N,HMDB0015536,C00130
C00637_Indole-3-acetaldehyde,WHOOUMGHGSPMGR-UHFFFAOYSA-N,HMDB0001190,C00637
C02693_Indole-3-acetamide,ZOAMBXDOGPRZLP-UHFFFAOYSA-N,HMDB0029739,C02693
C00954_Indole-3-acetate,SEOVTRFCIGRIMH-UHFFFAOYSA-N,HMDB0000197,C00954
C00955_Indole-3-ethanol,MBBOMCVGYCRMEA-UHFFFAOYSA-N,HMDB0003447,C00955
C02043_Indolelactate,XGILAAMKEQUXLS-UHFFFAOYSA-N,HMDB0000671,C02043
C00294_Inosine,UGQMRVRMYYASKQ-KQYNXXCUSA-N,HMDB0000195,C00294
C05123_Isethionate,SUMDYPCJJOFFON-UHFFFAOYSA-N,HMDB0003903,C05123
C02640_Isoamylamine,BMFVGAAISNGQNM-UHFFFAOYSA-N,HMDB0031659,C02640
C02787_Isobutylamine,KDSNLYIMUZNERS-UHFFFAOYSA-N,HMDB0034198,C02787
C00630_Isobutyryl CoA,AEWHYWSPVRZHCT-NDZSKPAWSA-N,HMDB0001243,C00630
C00311_Isocitrate,ODBLHEXUDAPZAU-UHFFFAOYSA-N,HMDB0000193,C00311
C02421_Isonicotinamide,VFQXVTODMYMSMJ-UHFFFAOYSA-N,,C02421
C05771_Isopropanolamine,HXKKHQJGJAFBHI-UHFFFAOYSA-N,HMDB0012136,C05771
C00490_Itaconate,LVHBHZANLOWSRM-UHFFFAOYSA-N,HMDB0002092,C00490
C00081_ITP,HAEJPQIATWHALX-KQYNXXCUSA-N,HMDB0000189,C00081
C00328_Kynurenine,YGPSJZOEDVAXAB-QMMMGPOBSA-N,HMDB0000684,C00328
C00186_Lactate,JVTAAEKCZFNVCJ-REOHCLBHSA-N,HMDB0000190,C00186
C00123_Leu,ROHFNLRQFUQHCH-YFKPBYRVSA-N,HMDB0000687,C00123
C11331_Leu-Leu-Tyr,UCNNZELZXFXXJQ-BZSNNMDCSA-N,,C11331
C00047_Lys,KDXKERNSBIXSRK-YFKPBYRVSA-N,HMDB0000182,C00047
C01930_Lysinamide,HKXLAGBDJVHRQG-YFKPBYRVSA-N,,C01930
C00587_m-Hydroxybenzoate,IJFXRHURBJZNAO-UHFFFAOYSA-N,HMDB0002466,C00587
C00711_Malate,BJEPYKJPYRNKOW-UHFFFAOYSA-N,HMDB0000156,C00711
C00383_Malonate,OFOBLEOULBTSOW-UHFFFAOYSA-N,,C00383
C00083_Malonyl CoA,LTYOQGRJFJAKNA-DVVLENMVSA-N,HMDB0001175,C00083
C03570_Mannosamine,MSWZFWKMSRAUBD-CBPJZXOFSA-N,,C03570
C08737_Melamine,JDSHMPZPIAZGSV-UHFFFAOYSA-N,HMDB0041922,C08737
C01598_Melatonin,DRLFMBDRBRZALE-UHFFFAOYSA-N,HMDB0001389,C01598
C00073_Met,FFEARJCKVFRZRR-BYPYZUCNSA-N,HMDB0000696,C00073
C07151_Metformin,XZWYZXLIPXDOLR-UHFFFAOYSA-N,HMDB0001921,C07151
C11145_Methanesulfonate,AFVFQIVMOAPDHO-UHFFFAOYSA-N,HMDB0240280,C11145
C02989_Methionine sulfoxide,QEFRNWWLZKMPFJ-YGVKFDHGSA-N,HMDB0002005,C02989
C03510_Methionine sulfoximine,SXTAYKAGBXMACB-DPVSGNNYSA-N,HMDB0029430,C03510
C02704_Methyl sulfate,JZMJDSHXVKJFKW-UHFFFAOYSA-N,,C02704
C02294_Methylguanidine,CHJJGSNFBQVOTG-UHFFFAOYSA-N,HMDB0001522,C02294
C00879_Mucate,DSLZVSRJTYRBFB-DUHBMQHGSA-N,HMDB0000639,C00879
C06470_Muramate,MSFSPUZXLOGKHJ-PGYHGBPZSA-N,HMDB0003254,C06470
C08311_Muscimol,ZJQHPWUVQPJPQT-UHFFFAOYSA-N,,C08311
C01073_N-Acetyl-beta-alanine,LJLLAWRMBZNPMO-UHFFFAOYSA-N,HMDB0061880,C01073
C01042_N-Acetylaspartate,OTCCIMWXFLJLIA-BYPYZUCNSA-N,HMDB0000812,C01042
C00140_N-Acetylglucosamine,OVRNDRQMDRJTHS-RTRLPJTCSA-N,HMDB0000215,C00140
C04501_N-Acetylglucosamine 1-phosphate,FZLJPEPAYPUMMR-FMDGEEDCSA-N,HMDB0001367,C04501
C00357_N-Acetylglucosamine 6-phosphate,BRGMHAYQAZFZDJ-RTRLPJTCSA-N,HMDB0002817,C00357
C01239_N-Acetylglucosylamine,MCGXOCXFFNKASF-FMDGEEDCSA-N,HMDB0001104,C01239
C00624_N-Acetylglutamate,RFMMMVDNIPUKGG-YFKPBYRVSA-N,HMDB0001138,C00624
C02997_N-Acetylhistidine,KBOJOGQFRVVWBH-ZETCQYMHSA-N,HMDB0032055,C02997
C02710_N-Acetylleucine,WXNXCEHXYPACJF-ZETCQYMHSA-N,HMDB0011756,C02710
C02712_N-Acetylmethionine,XUYPXLNMDZIRQH-LURJTMIESA-N,HMDB0011745,C02712
C02713_N-Acetylmuramate,MNLRQHMNZILYPY-MKFCKLDKSA-N,HMDB0060493,C02713
C00270_N-Acetylneuraminate,SQVRNKJHWKZAKO-LUWBGTNYSA-N,,C00270
C00437_N-Acetylornithine,JRLGPAXAGHMNOL-LURJTMIESA-N,HMDB0003357,C00437
C03519_N-Acetylphenylalanine,CBQJSKKFNMDLON-JTQLQIEISA-N,HMDB0000512,C03519
C02714_N-Acetylputrescine,KLZGKIDSEJWEDW-UHFFFAOYSA-N,HMDB0002064,C02714
-_N-Acetylvaline,IHYJTAOFMMMOPX-UHFFFAOYSA-N,HMDB0011757,
C01670_N-alpha-Benzenolarginine ethylester,YQDHCCVUYCIGSW-GFCCVEGCSA-N,,C01670
"C04259_N-alpha,N-alpha-Dimethylhistidine",IMOBSLOLPCWZKQ-ZETCQYMHSA-N,,C04259
C05829_N-Carbamylglutamate,LCQLHJZYVOQKHU-VKHMYHEASA-N,HMDB0015673,C05829
C02727_N-epsilon-Acetyllysine,DTERQYGMUDWYAZ-ZETCQYMHSA-N,HMDB0000206,C02727
C01044_N-Formylaspartate,MQUUQXIFCBBFDP-VKHMYHEASA-N,HMDB0060495,C01044
C03145_N-Formylmethionine,PYUSHNKNPOHWEZ-YFKPBYRVSA-N,HMDB0001015,C03145
C01047_N-gamma-Ethylglutamine,DATAGRPVKZEWHA-YFKPBYRVSA-N,HMDB0034365,C01047
C02721_N-Methylalanine,GDFAOVXKHJXLEI-VKHMYHEASA-N,HMDB0094692,C02721
C02299_N-Methylaniline,AFBPFSWMIHJQDM-UHFFFAOYSA-N,,C02299
C01046_N-Methylglutamate,XLBVNMSMFQMKEY-BYPYZUCNSA-N,HMDB0062660,C01046
C06213_N-omega-Methyltryptamine,NCIKQJBVUNUXLW-UHFFFAOYSA-N,HMDB0004370,C06213
"C01026_N,N-Dimethylglycine",FFDGPVCHZBVARC-UHFFFAOYSA-N,HMDB0000092,C01026
C00612_N1-Acetylspermidine,MQTAVJHICJWXBR-UHFFFAOYSA-N,HMDB0001276,C00612
C02567_N1-Acetylspermine,GUNURVWAJRRUAV-UHFFFAOYSA-N,HMDB0001186,C02567
C02567_N1-Acetylspermine_div,GUNURVWAJRRUAV-UHFFFAOYSA-N,HMDB0001186,C02567
"C03413_N1,N12-Diacetylspermine",NPDTUDWGJMBVEP-UHFFFAOYSA-N,HMDB0002172,C03413
"-_N1,N8-Diacetylspermidine",BKCVMAZDKFQPHB-UHFFFAOYSA-N,HMDB0041947,
C03795_N6-Methyl-2'-deoxyadenosine,DYSDOYRQWBDGQQ-XLPZGREQSA-N,,C03795
"C03793_N6,N6,N6-Trimethyllysine",MXNRLFUSFKVQSK-QMMMGPOBSA-N,HMDB0001325,C03793
C01029_N8-Acetylspermidine,FONIWJIDLJEJTL-UHFFFAOYSA-N,HMDB0002189,C01029
C00003_NAD+,BAWFJGJZGIEFAR-NNYOXOHSSA-O,HMDB0000902,C00003
C00004_NADH,BOPGDPNILDQYTO-NNYOXOHSSA-N,HMDB0000902,C00004
C00006_NADP+,XJLXINKUBYWONI-NNYOXOHSSA-O,HMDB0000217,C00006
C00005_NADPH,ACFIXJIJDZMPPO-NNYOXOHSSA-N,HMDB0000217,C00005
C00153_Nicotinamide,DFPAKSUCGFBDDF-UHFFFAOYSA-N,HMDB0001406,C00153
C00253_Nicotinate,PVNIIMVLHYAWGP-UHFFFAOYSA-N,HMDB0001488,C00253
C00745_Nicotine,SNICXCGAKADSCV-JTQLQIEISA-N,HMDB0001934,C00745
C00455_NMN,DAYLJWODMCOQEW-TURQNECASA-N,HMDB0000229,C00455
C00547_Noradrenaline,SFLSHLFXELFNJZ-QMMMGPOBSA-N,HMDB0000216,C00547
C06524_Nornicotine,MYKUKUCHPMASKF-UHFFFAOYSA-N,HMDB0001126,C06524
C02571_o-Acetylcarnitine,RDHQFKQIGNGIED-MRVPVSSYSA-O,HMDB0000201,C02571
C00979_O-Acetylserine,VZXPDPZARILFQX-BYPYZUCNSA-N,HMDB0003011,C00979
C01772_o-Coumarate,PMOWTIHVNWZYFI-AATRIKPKSA-N,HMDB0002641,C01772
C00805_o-Hydroxybenzoate,YGSDEFSMJLZEOE-UHFFFAOYSA-N,HMDB0001895,C00805
C07588_o-Hydroxyhippurate,ONJSZLXSECQROL-UHFFFAOYSA-N,HMDB0000840,C07588
C01005_O-Phosphoserine,BZQFBWGGLXLEPQ-REOHCLBHSA-N,HMDB0000272,C01005
C01118_o-Succinylhomoserine,GNISQJGXJIDKDJ-YFKPBYRVSA-N,,C01118
C06423_Octanoate,WWZKQHOCKIZLMA-UHFFFAOYSA-N,HMDB0000482,C06423
C04137_Octopine,IMXSCCDUAFEIOE-GDVGLLTNSA-N,,C04137
C01740_Octylamine,IOQPZZOEVPZRBK-UHFFFAOYSA-N,,C01740
C00077_Ornithine,AHLPHDHHMVZTML-BYPYZUCNSA-N,HMDB0000214,C00077
C00295_Orotate,PXQPEWDEAKTCGB-UHFFFAOYSA-N,HMDB0000226,C00295
C01103_Orotidine 5'-monophosphate,KYOBSHFOBAOFBF-XVFCMESISA-N,HMDB0000218,C01103
C00568_p-Aminobenzoate,ALYNCZNDIQEVRV-UHFFFAOYSA-N,HMDB0001392,C00568
C00811_p-Coumarate,NGSWKAQJJWESNS-ZZXKWVIFSA-N,HMDB0002035,C00811
C00156_p-Hydroxybenzoate,FJKROLUGYXJWQN-UHFFFAOYSA-N,HMDB0000500,C00156
C00642_p-Hydroxyphenylacetate,XQXPVVBIMDBYFF-UHFFFAOYSA-N,HMDB0000020,C00642
"C01260_P1, P4-Di(adenosine-5') tetraphosphate",YOAHKNVSNCMZGQ-XPWFQUROSA-N,,C01260
C00864_Pantothenate,GHOKWGTUZJEAQD-ZETCQYMHSA-N,HMDB0000210,C00864
C01601_Pelargonate,FBUKVWPVBMHYJY-UHFFFAOYSA-N,HMDB0000847,C01601
C00803_Pentanoate,NQPDZGIKBAWPEJ-UHFFFAOYSA-N,HMDB0000892,C00803
C00074_PEP,DTBNBXWJWCWCIK-UHFFFAOYSA-N,HMDB0000263,C00074
C00079_Phe,COLNVLDHVKWLRT-QMMMGPOBSA-N,HMDB0000159,C00079
-_Phe-Phe,GKZIWHRNKRBEOH-UHFFFAOYSA-N,HMDB0013302,
C05598_Phenaceturate,UTYVDVLMYQPLQB-UHFFFAOYSA-N,HMDB0000821,C05598
C05332_Phenethylamine,BHHGXPLMPWCGHP-UHFFFAOYSA-N,HMDB0012275,C05332
C02734_Phenyl phosphate,CMPQUABWPXYYSH-UHFFFAOYSA-N,,C02734
C02735_Phenylethanolamine,ULSIYEODSMZIPX-UHFFFAOYSA-N,HMDB0001065,C02735
C00166_Phenylpyruvate,BTNMPGBKDVTSJY-UHFFFAOYSA-N,HMDB0000205,C00166
C05682_Phosphonoacetate,XUYJLQHKOGNDPB-UHFFFAOYSA-N,HMDB0004110,C05682
C00588_Phosphorylcholine,YHHSONZFOIEMCP-UHFFFAOYSA-O,HMDB0001565,C00588
C01606_Phthalate,XNGIFLGASWRNHJ-UHFFFAOYSA-N,HMDB0002107,C01606
C01204_Phytate,IMQLKJBTEOYOSI-GPIVLXJGSA-N,HMDB0003502,C01204
C01950_Picolinamide,IBBMAWULFFBRKK-UHFFFAOYSA-N,,C01950
C02656_Pimelate,WLJVNTCWHIRURA-UHFFFAOYSA-N,HMDB0000857,C02656
C00408_Pipecolate,HXEACLLIILLPRG-YFKPBYRVSA-N,HMDB0000070,C00408
C00931_Porphobilinogen,QSHWIQZFGQKFMA-UHFFFAOYSA-N,HMDB0000245,C00931
C00148_Pro,ONIBWKKTOPOVIA-BYPYZUCNSA-N,HMDB0000162,C00148
C10172_Proline betaine,CMUNUTVVOOHQPW-LURJTMIESA-N,HMDB0004827,C10172
C00163_Propionate,XBDQKXXYIPTUBI-UHFFFAOYSA-N,HMDB0000237,C00163
C00584_Prostaglandin E2,XEYBRNLFEZDVAW-ARSRFYASSA-N,HMDB0001220,C00584
C00639_Prostaglandin F2alpha,PXGPLTODNUVGFL-YNNPMVKQSA-N,HMDB0001139,C00639
C00119_PRPP,PQGCEDQWHSBAJP-TXICZTDVSA-N,HMDB0000280,C00119
C10865_Pseudopelletierine,RHWSKVCZXBAWLZ-UHFFFAOYSA-N,HMDB0034580,C10865
C00715_Pterin,HNXQXTQTPAJEJL-UHFFFAOYSA-N,HMDB0000802,C00715
C15587_Purine,KDCGOANMDULRCW-UHFFFAOYSA-N,HMDB0001366,C15587
C01736_Purine riboside,MRWXACSTFXYYMV-FDDDBJFASA-N,HMDB0029956,C01736
"C00134_Putrescine(1,4-Butanediamine)",KIDHWZJUCRJVML-UHFFFAOYSA-N,HMDB0001414,C00134
C00481_Pyrazole,WTKZEGDFNFYCGP-UHFFFAOYSA-N,,C00481
C00250_Pyridoxal,RADKZDMFGJYCBB-UHFFFAOYSA-N,HMDB0001545,C00250
C00534_Pyridoxamine,NHZMQXZHNVQTQA-UHFFFAOYSA-N,HMDB0001431,C00534
C00647_Pyridoxamine 5'-phosphate,ZMJGSOSNSPKHNH-UHFFFAOYSA-N,HMDB0001555,C00647
C00314_Pyridoxine,LXNHXLLTXMVWPM-UHFFFAOYSA-N,HMDB0000239,C00314
C05942_Pyrrole-2-carboxylate,WRHZVMBBRYBTKZ-UHFFFAOYSA-N,HMDB0004230,C05942
C00022_Pyruvate,LCTONWCANYUPML-UHFFFAOYSA-N,HMDB0000243,C00022
C00296_Quinate,AAWZDTNXLSGCEK-WYWMIBKRSA-N,HMDB0003072,C00296
C00117_R5P,KTVPXOYAKDPRHY-SOOFDHNKSA-N,HMDB0001548,C00117
C00255_Riboflavin,AUNGANRZJHBGPY-SCRDCRAPSA-N,HMDB0000244,C00255
"C01182_Ribulose 1,5-diphosphate",YAHZABJORDUQGO-NQXXGFSBSA-N,,C01182
C00199_Ru5P,FNZLKVNUWIIPSJ-UHNVWZDZSA-N,HMDB0000618,C00199
C03451_S-Lactoylglutathione,VDYDCVUWILIYQF-CSMHCCOUSA-N,HMDB0001066,C03451
C03172_S-Methylmethionine,YDBYJHTYSHBBAU-YFKPBYRVSA-O,HMDB0038670,C03172
C05382_S7P,JDTUMPKOJBQPKX-GBNDHIKLSA-N,HMDB0001068,C05382
C00818_Saccharate,DSLZVSRJTYRBFB-LLEIAEIESA-N,HMDB0000663,C00818
C00449_Saccharopine,ZDGJAHTZVHVLOT-YUMQZZPRSA-N,HMDB0000279,C00449
C00021_SAH,ZJUKTBDSGOFHSH-WFMPWKQPSA-N,HMDB0000939,C00021
C00019_SAM+,MEFKEPWMEQBLKI-AIRLBKTGSA-N,HMDB0001185,C00019
C00213_Sarcosine,FSYKKLYZXJSNPZ-UHFFFAOYSA-N,HMDB0000271,C00213
-_SDMA,HVPFXCBJHIIJGS-LURJTMIESA-N,HMDB0003334,
C08277_Sebacate,CXMXRPHRNRROMY-UHFFFAOYSA-N,HMDB0000792,C08277
C00835_Sepiapterin,VPVOXUSPXFPWBN-VKHMYHEASA-N,HMDB0000238,C00835
C00065_Ser,MTCFGRXMJLQNBG-REOHCLBHSA-N,HMDB0000187,C00065
C02703_Serine O-sulfate,LFZGUGJDVUUGLK-REOHCLBHSA-N,,C02703
C00780_Serotonin,QZAYGJVTTNCVMB-UHFFFAOYSA-N,HMDB0000259,C00780
C00493_Shikimate,JXOHGGNKMLTUBP-HSUXUTPPSA-N,HMDB0003070,C00493
C00482_Sinapate,PCMORTLOPMLEFB-ONEGZZNKSA-N,HMDB0032616,C00482
C01096_Sorbitol 6-phosphate,GACTWZZMVMUKNG-SLPGGIOYSA-N,HMDB0005831,C01096
C00315_Spermidine,ATHGHQPFGPMSJY-UHFFFAOYSA-N,HMDB0001257,C00315
C00750_Spermine,PFNFFQXMRSDOHW-UHFFFAOYSA-N,HMDB0001256,C00750
C00042_Succinate,KDYFGRWQOYBRFD-UHFFFAOYSA-N,HMDB0000254,C00042
C00091_Succinyl CoA,VNOYUJKHFWYWIR-ITIYDSSPSA-N,HMDB0001022,C00091
C04548_Synephrine,YRCWQPVGYLYSOX-UHFFFAOYSA-N,HMDB0004826,C04548
C10833_Syringate,JMSVCTWVEWCHDZ-UHFFFAOYSA-N,HMDB0002085,C10833
C00898_Tartrate,FEWJPZIEWOKRBE-JCYAYHJZSA-N,HMDB0000956,C00898
C00245_Taurine,XOAAWQZATWQOTB-UHFFFAOYSA-N,HMDB0000251,C00245
C05122_Taurocholate,FZLMIZAHBFKTSH-IECFWMJSSA-N,HMDB0000036,C05122
C01959_Taurocyamine,JKLRIMRKZBSSED-UHFFFAOYSA-N,HMDB0003584,C01959
C00842_TDP-glucose,YSYKRGRSMLTJNL-URARBOGNSA-N,HMDB0001328,C00842
C06337_Terephthalate,KKEYFWRCBNTPAC-UHFFFAOYSA-N,HMDB0061917,C06337
C02890_Tetrahydropalmatine,AEQDJSLRWYMAQI-KRWDZBQOSA-N,,C02890
C00378_Thiamine,JZRWCGZRTZMZEH-UHFFFAOYSA-N,HMDB0000235,C00378
C01081_Thiamine monophosphate,HZSAJDVWZRBGIF-UHFFFAOYSA-O,HMDB0002666,C01081
C00188_Thr,AYFVYJQAPQTCCC-GBXIJSLDSA-N,HMDB0000167,C00188
C03618_threo-beta-methylaspartate,LXRUAYBIUSUULX-HRFVKAFMSA-N,,C03618
C01620_Threonate,JPIJQSOTBSSVTP-STHAYSLISA-N,HMDB0000943,C01620
C00214_Thymidine,IQFYYKKMVGJFEH-XLPZGREQSA-N,HMDB0000273,C00214
C00178_Thymine,RWQNBRDOKXIBIV-UHFFFAOYSA-N,HMDB0000262,C00178
C08279_Tiglate,UIERETOOQGIECD-ONEGZZNKSA-N,HMDB0001470,C08279
C01494_trans-4-Hydroxy-3-methoxycinnamate,KSEBMYQBYZTDHS-HWKANZROSA-N,HMDB0000954,C01494
C02341_trans-Aconitate,GTZCVFVGUGFEME-HNQUOIGGSA-N,HMDB0000958,C02341
C00423_trans-Cinnamate,WBYWAXJHAXSJNI-VOTSOKGWSA-N,,C00423
C00371_trans-Zeatin,UZKQTCBAMSWPJD-FARCUNLSSA-N,HMDB0012204,C00371
C00689_Trehalose 6-phosphate,LABSPYBHMPDTEL-LIZSDCNHSA-N,HMDB0001124,C00689
C03958_TRH,XNSAINXGIQZQOO-SRVKXCTJSA-N,HMDB0060080,C03958
C07166_Trientine,VILCJCGEZXAXTO-UHFFFAOYSA-N,,C07166
C01004_Trigonelline,WWNNZCOKKKDOPX-UHFFFAOYSA-N,HMDB0000875,C01004
C00565_Trimethylamine,GETQZCLCWQTVFV-UHFFFAOYSA-N,HMDB0000906,C00565
C01104_Trimethylamine N-oxide,UYPYRKYUKCHHIB-UHFFFAOYSA-N,HMDB0000925,C01104
C01008_Trimethylsulfonium,NRZWQKGABZFFKE-UHFFFAOYSA-N,HMDB0012295,C01008
C00729_Tropine,CYHOMWAPJJPNMW-UHFFFAOYSA-N,METPA0074,C00729
C00783_Tropinone,QQXLDOJGLXJCSE-UHFFFAOYSA-N,METPA0078,C00783
C00078_Trp,QIVBCDIJIAJPQS-VIFPVBQESA-N,HMDB0000929,C00078
C00398_Tryptamine,APJYDQYYACXCRM-UHFFFAOYSA-N,HMDB0000303,C00398
C00082_Tyr,OUYCCCASQSFEME-QMMMGPOBSA-N,HMDB0000158,C00082
C00483_Tyramine,DZGWFCGJZKJUFP-UHFFFAOYSA-N,HMDB0000306,C00483
C03404_Tyrosine methyl ester,MWZPENIJLUWBSY-VIFPVBQESA-N,HMDB0029217,C03404
C00015_UDP,XCCTYIAWTASOJW-XVFCMESISA-N,HMDB0000295,C00015
C00029_UDP-glucose,HSCJRCZFDFQWRP-JZMIEXBBSA-N,HMDB0000286,C00029
C00167_UDP-glucuronate,HDYANYHVCAPMJV-LXQIFKJMSA-N,HMDB0000935,C00167
C00043_UDP-N-acetylglucosamine,LFTYTUAZOPRMMI-CFRASDGPSA-N,HMDB0000290,C00043
C00105_UMP,DJJCXFVJDGTHFX-XVFCMESISA-N,HMDB0000288,C00105
C17715_Undecanoate,ZDPHROOEEOARMN-UHFFFAOYSA-N,HMDB0000947,C17715
C00106_Uracil,ISAKRJDGNUQOIC-UHFFFAOYSA-N,HMDB0000300,C00106
C00366_Urate,LEHOTFFKMJEONL-UHFFFAOYSA-N,HMDB0000289,C00366
C00086_Urea,XSQUKJJJFZCRTK-UHFFFAOYSA-N,HMDB0000294,C00086
C00299_Uridine,DRTQHJPVMGBUCF-XVFCMESISA-N,HMDB0000296,C00299
C00785_Urocanate,LOIYMIARKYCTBW-OWOJBTEDSA-N,HMDB0000301,C00785
C00075_UTP,PGAVKCOVUIYSFO-XVFCMESISA-N,HMDB0000285,C00075
C00183_Val,KZSNJWFQEVHDMF-BYPYZUCNSA-N,HMDB0000883,C00183
C00385_Xanthine,LRFVTYWOQMYALW-UHFFFAOYSA-N,HMDB0000292,C00385
C01762_Xanthosine,UBORTCNDUKBEOP-UUOKFMHZSA-N,HMDB0000299,C01762
C02470_Xanthurenate,FBZONXHGGPHHIY-UHFFFAOYSA-N,HMDB0000881,C02470
C00655_XMP,DCTLYFZHFGENCW-UUOKFMHZSA-N,HMDB0001554,C00655
C00700_XTP,CAEFEWVYEZABLA-UUOKFMHZSA-N,HMDB0000293,C00700
