,inchikey,hmdb,kegg,inchi code
HILIC-neg_Cluster_0242: phenylalanine,COLNVLDHVKWLRT-QMMMGPOBSA-N,HMDB0000159,C00079,"InChI=1S/C9H11NO2/c10-8(9(11)12)6-7-4-2-1-3-5-7/h1-5,8H,6,10H2,(H,11,12)/t8-/m0/s1"
HILIC-pos_Cluster_0066: taurine,XOAAWQZATWQOTB-UHFFFAOYSA-N,HMDB0000251,C00245,"InChI=1S/C2H7NO3S/c3-1-2-7(4,5)6/h1-3H2,(H,4,5,6)"
HILIC-pos_Cluster_0936: diacetylspermine,NPDTUDWGJMBVEP-UHFFFAOYSA-N,HMDB0002172,C03413,"InChI=1S/C14H30N4O2/c1-13(19)17-11-5-9-15-7-3-4-8-16-10-6-12-18-14(2)20/h15-16H,3-12H2,1-2H3,(H,17,19)(H,18,20)"
HILIC-pos_Cluster_0049: threonine,AYFVYJQAPQTCCC-GBXIJSLDSA-N,HMDB0000167,C00188,"InChI=1S/C4H9NO3/c1-2(6)3(5)4(7)8/h2-3,6H,5H2,1H3,(H,7,8)/t2-,3+/m1/s1"
C18-neg_Cluster_1372: cholate,BHQCQFFYRZLCQQ-OELDTZBJSA-N,HMDB0000619,C00695,"InChI=1S/C24H40O5/c1-13(4-7-21(28)29)16-5-6-17-22-18(12-20(27)24(16,17)3)23(2)9-8-15(25)10-14(23)11-19(22)26/h13-20,22,25-27H,4-12H2,1-3H3,(H,28,29)/t13-,14+,15-,16-,17+,18+,19-,20+,22+,23+,24-/m1/s1"
C18-neg_Cluster_0256: stearic acid,QIQXTHQIDYTFRH-UHFFFAOYSA-N,HMDB0000827,C01530,"InChI=1S/C18H36O2/c1-2-3-4-5-6-7-8-9-10-11-12-13-14-15-16-17-18(19)20/h2-17H2,1H3,(H,19,20)"
HILIC-pos_Cluster_0038: N-acetylputrescine,KLZGKIDSEJWEDW-UHFFFAOYSA-N,HMDB0002064,C02714,"InChI=1S/C6H14N2O/c1-6(9)8-5-3-2-4-7/h2-5,7H2,1H3,(H,8,9)"
HILIC-neg_Cluster_0290: arginine,ODKSFYDXXFIFQN-BYPYZUCNSA-N,HMDB0000517,C00062,"InChI=1S/C6H14N4O2/c7-4(5(11)12)2-1-3-10-6(8)9/h4H,1-3,7H2,(H,11,12)(H4,8,9,10)/t4-/m0/s1"
HILIC-neg_Cluster_0247: L-phenyllactic acid,VOXXWSYKYCBWHO-MRVPVSSYSA-N,HMDB0000748,C05607,"InChI=1S/C9H10O3/c10-8(9(11)12)6-7-4-2-1-3-5-7/h1-5,8,10H,6H2,(H,11,12)/t8-/m1/s1"
HILIC-neg_Cluster_0129: salicylate,ONJSZLXSECQROL-UHFFFAOYSA-N,HMDB0000840,C07588,"InChI=1S/C9H9NO4/c11-7-4-2-1-3-6(7)9(14)10-5-8(12)13/h1-4,11H,5H2,(H,10,14)(H,12,13)"
HILIC-neg_Cluster_0697: pentadecanoate,WQEPLUUGTLDZJY-UHFFFAOYSA-N,HMDB0000826,C16537,"InChI=1S/C15H30O2/c1-2-3-4-5-6-7-8-9-10-11-12-13-14-15(16)17/h2-14H2,1H3,(H,16,17)"
C18-neg_Cluster_0045: azelate,BDJRBEYXGGNYIS-UHFFFAOYSA-N,HMDB0000784,C08261,"InChI=1S/C9H16O4/c10-8(11)6-4-2-1-3-5-7-9(12)13/h1-7H2,(H,10,11)(H,12,13)"
HILIC-neg_Cluster_0066: valine,KZSNJWFQEVHDMF-BYPYZUCNSA-N,HMDB0000883,C00183,"InChI=1S/C5H11NO2/c1-3(2)4(6)5(7)8/h3-4H,6H2,1-2H3,(H,7,8)/t4-/m0/s1"
HILIC-pos_Cluster_0374: N-acetylspermidine,MQTAVJHICJWXBR-UHFFFAOYSA-N,HMDB0001276,C00612,"InChI=1S/C9H21N3O/c1-9(13)12-8-4-7-11-6-3-2-5-10/h11H,2-8,10H2,1H3,(H,12,13)"
HILIC-pos_Cluster_0272: 3-methylhistidine,JDHILDINMRGULE-LURJTMIESA-N,HMDB0000479,C01152,"InChI=1S/C7H11N3O2/c1-10-4-9-3-5(10)2-6(8)7(11)12/h3-4,6H,2,8H2,1H3,(H,11,12)/t6-/m0/s1"
HILIC-pos_Cluster_0134: proline betaine,CMUNUTVVOOHQPW-LURJTMIESA-N,HMDB0004827,C10172,"InChI=1S/C7H13NO2/c1-8(2)5-3-4-6(8)7(9)10/h6H,3-5H2,1-2H3/t6-/m0/s1"
C8-pos_Cluster_1849: cholestenone,NYOXRYYXRWJDKP-GYKMGIIDSA-N,HMDB0000921,C00599,"InChI=1S/C27H44O/c1-18(2)7-6-8-19(3)23-11-12-24-22-10-9-20-17-21(28)13-15-26(20,4)25(22)14-16-27(23,24)5/h17-19,22-25H,6-16H2,1-5H3/t19-,22+,23-,24+,25+,26+,27-/m1/s1"
HILIC-pos_Cluster_0110: 1-methylnicotinamide,LDHMAVIPBRSVRG-UHFFFAOYSA-O,HMDB0000699,C02918,"InChI=1S/C7H8N2O/c1-9-4-2-3-6(5-9)7(8)10/h2-5H,1H3,(H-,8,10)/p+1"
C18-neg_Cluster_0025: acesulfame,YGCFIWIQZPHFLU-UHFFFAOYSA-N,HMDB0033585,,"InChI=1S/C4H5NO4S/c1-3-2-4(6)5-10(7,8)9-3/h2H,1H3,(H,5,6)"
HILIC-pos_Cluster_0383: kynurenic acid,HCZHHEIFKROPDY-UHFFFAOYSA-N,HMDB0000715,C01717,"InChI=1S/C10H7NO3/c12-9-5-8(10(13)14)11-7-4-2-1-3-6(7)9/h1-5H,(H,11,12)(H,13,14)"
HILIC-neg_Cluster_0441: sebacate,CXMXRPHRNRROMY-UHFFFAOYSA-N,HMDB0000792,C08277,"InChI=1S/C10H18O4/c11-9(12)7-5-3-1-2-4-6-8-10(13)14/h1-8H2,(H,11,12)(H,13,14)"
HILIC-pos_Cluster_0116: urocanic acid,LOIYMIARKYCTBW-OWOJBTEDSA-N,HMDB0000301,C00785,"InChI=1S/C6H6N2O2/c9-6(10)2-1-5-3-7-4-8-5/h1-4H,(H,7,8)(H,9,10)/b2-1+"
HILIC-pos_Cluster_0156: glutamine,ZDXPYRJPNDTMRX-VKHMYHEASA-N,HMDB0000641,C00064,"InChI=1S/C5H10N2O3/c6-3(5(9)10)1-2-4(7)8/h3H,1-2,6H2,(H2,7,8)(H,9,10)/t3-/m0/s1"
HILIC-neg_Cluster_0079: 4-hydroxybenzaldehyde,RGHHSNMVTDWUBI-UHFFFAOYSA-N,HMDB0011718,C00633,"InChI=1S/C7H6O2/c8-5-6-1-3-7(9)4-2-6/h1-5,9H"
C8-pos_Cluster_0416: cholesterol,HVYWMOMLDIMFJA-DPAQBDIFSA-N,HMDB0000067,C00187,"InChI=1S/C27H46O/c1-18(2)7-6-8-19(3)23-11-12-24-22-10-9-20-17-21(28)13-15-26(20,4)25(22)14-16-27(23,24)5/h9,18-19,21-25,28H,6-8,10-17H2,1-5H3/t19-,21+,22+,23-,24+,25+,26+,27-/m1/s1"
HILIC-neg_Cluster_0299: ascorbate,CIWBSHSKHKDKBQ-JLAZNSOCSA-N,,C00072,"InChI=1S/C6H8O6/c7-1-2(8)5-3(9)4(10)6(11)12-5/h2,5,7-10H,1H2/t2-,5+/m0/s1"
HILIC-neg_Cluster_0103: acetylalanine,LJLLAWRMBZNPMO-UHFFFAOYSA-N,HMDB0000766,C01073,"InChI=1S/C5H9NO3/c1-4(7)6-3-2-5(8)9/h2-3H2,1H3,(H,6,7)(H,8,9)"
HILIC-pos_Cluster_0009: beta-alanine,UCMIRNVEIXFBKS-UHFFFAOYSA-N,HMDB0000056,C00099,"InChI=1S/C3H7NO2/c4-2-1-3(5)6/h1-2,4H2,(H,5,6)"
HILIC-neg_Cluster_0112: asparagine,DCXYFEDJOCDNAF-REOHCLBHSA-N,HMDB0000168,C00152,"InChI=1S/C4H8N2O3/c5-2(4(8)9)1-3(6)7/h2H,1,5H2,(H2,6,7)(H,8,9)/t2-/m0/s1"
C18-neg_Cluster_1045: chenodeoxycholate,RUDATBOHQWOJDD-BSWAIDMHSA-N,HMDB0000518,C02528,"InChI=1S/C24H40O4/c1-14(4-7-21(27)28)17-5-6-18-22-19(9-11-24(17,18)3)23(2)10-8-16(25)12-15(23)13-20(22)26/h14-20,22,25-26H,4-13H2,1-3H3,(H,27,28)/t14-,15+,16-,17-,18+,19+,20-,22+,23+,24-/m1/s1"
HILIC-neg_Cluster_0740: deoxyinosine,VGONTNSXDCQUGY-RRKCRQDMSA-N,HMDB0000071,C05512,"InChI=1S/C10H12N4O4/c15-2-6-5(16)1-7(18-6)14-4-13-8-9(14)11-3-12-10(8)17/h3-7,15-16H,1-2H2,(H,11,12,17)/t5-,6+,7+/m0/s1"
HILIC-neg_Cluster_0237: fucose,PMMURAAUARKVCB-DUVQVXGLSA-N,HMDB0012327,C02781,"InChI=1S/C6H12O5/c7-2-4-6(10)3(8)1-5(9)11-4/h3-10H,1-2H2/t3-,4-,5?,6-/m1/s1"
HILIC-neg_Cluster_0201: histidine,HNDVDQJCIGZPNO-YFKPBYRVSA-N,HMDB0000177,C00135,"InChI=1S/C6H9N3O2/c7-5(6(10)11)1-4-2-8-3-9-4/h2-3,5H,1,7H2,(H,8,9)(H,10,11)/t5-/m0/s1"
HILIC-pos_Cluster_0422: 5-acetylamino-6-amino-3-methyluracil,POQOTWQIYYNXAT-UHFFFAOYSA-N,HMDB0004400,C16366,"InChI=1S/C7H10N4O3/c1-3(12)9-4-5(8)10-7(14)11(2)6(4)13/h8H2,1-2H3,(H,9,12)(H,10,14)"
HILIC-pos_Cluster_1160: linoleoyl ethanolamide,KQXDGUVSAAQARU-HZJYTTRNSA-N,HMDB0012252,,"InChI=1S/C20H37NO2/c1-2-3-4-5-6-7-8-9-10-11-12-13-14-15-16-17-20(23)21-18-19-22/h6-7,9-10,22H,2-5,8,11-19H2,1H3,(H,21,23)/b7-6-,10-9-"
HILIC-neg_Cluster_0036: glycerate,RBNPOMFGQQGHHO-UWTATZPHSA-N,HMDB0000139,C00258,"InChI=1S/C3H6O4/c4-1-2(5)3(6)7/h2,4-5H,1H2,(H,6,7)/t2-/m1/s1"
C8-pos_Cluster_0264: linoleoyl ethanolamide ,KQXDGUVSAAQARU-HZJYTTRNSA-N,HMDB0012252,,"InChI=1S/C20H37NO2/c1-2-3-4-5-6-7-8-9-10-11-12-13-14-15-16-17-20(23)21-18-19-22/h6-7,9-10,22H,2-5,8,11-19H2,1H3,(H,21,23)/b7-6-,10-9-"
C18-neg_Cluster_1575: taurodeoxycholic acid,AWDRATDZQPNJFN-GHMNEPPTSA-N,HMDB0000896,C05463,"InChI=1S/C26H45NO6S/c1-16(4-9-24(30)27-12-13-34(31,32)33)20-7-8-21-19-6-5-17-14-18(28)10-11-25(17,2)22(19)15-23(29)26(20,21)3/h16-23,28-29H,4-15H2,1-3H3,(H,27,30)(H,31,32,33)/t16?,17?,18-,19?,20?,21?,22?,23+,25+,26-/m1/s1"
HILIC-neg_Cluster_1571: glycocholate,RFDAIACWWDREDC-FRVQLJSFSA-N,HMDB0000138,C01921,"InChI=1S/C26H43NO6/c1-14(4-7-22(31)27-13-23(32)33)17-5-6-18-24-19(12-21(30)26(17,18)3)25(2)9-8-16(28)10-15(25)11-20(24)29/h14-21,24,28-30H,4-13H2,1-3H3,(H,27,31)(H,32,33)/t14-,15+,16-,17-,18+,19+,20-,21+,24+,25+,26-/m1/s1"
HILIC-neg_Cluster_0677: cystine,LEVWYRKDKASIDU-IMJSIDKUSA-N,HMDB0000192,C00491,"InChI=1S/C6H12N2O4S2/c7-3(5(9)10)1-13-14-2-4(8)6(11)12/h3-4H,1-2,7-8H2,(H,9,10)(H,11,12)/t3-,4-/m0/s1"
C8-pos_Cluster_0136: piperine,MXXWOMGUGJBKIW-YPCIICBESA-N,HMDB0029377,C03882,"InChI=1S/C17H19NO3/c19-17(18-10-4-1-5-11-18)7-3-2-6-14-8-9-15-16(12-14)21-13-20-15/h2-3,6-9,12H,1,4-5,10-11,13H2/b6-2+,7-3+"
HILIC-neg_Cluster_0173: methionine,FFEARJCKVFRZRR-BYPYZUCNSA-N,HMDB0000696,C00073,"InChI=1S/C5H11NO2S/c1-9-3-2-4(6)5(7)8/h4H,2-3,6H2,1H3,(H,7,8)/t4-/m0/s1"
HILIC-pos_Cluster_0062: nicotinic acid,PVNIIMVLHYAWGP-UHFFFAOYSA-N,HMDB0001488,C00253,"InChI=1S/C6H5NO2/c8-6(9)5-2-1-3-7-4-5/h1-4H,(H,8,9)"
HILIC-pos_Cluster_0667: anserine,MYYIAHXIVFADCU-QMMMGPOBSA-N,HMDB0000194,C01262,"InChI=1S/C10H16N4O3/c1-14-6-12-5-7(14)4-8(10(16)17)13-9(15)2-3-11/h5-6,8H,2-4,11H2,1H3,(H,13,15)(H,16,17)/t8-/m0/s1"
"HILIC-neg_Cluster_0622: 1,2,3,4-tetrahydro-1-methyl-beta-carboline-3-carboxylic acid",ZUPHXNBLQCSEIA-UHFFFAOYSA-N,HMDB0037942,,"InChI=1S/C13H14N2O2/c1-7-12-9(6-11(14-7)13(16)17)8-4-2-3-5-10(8)15-12/h2-5,7,11,14-15H,6H2,1H3,(H,16,17)"
"C18-neg_Cluster_0183: 1,2,3,4-tetrahydro-b-carboline-1,3-dicarboxylic acid",ZWMZDKZTZLGVRQ-UHFFFAOYSA-N,HMDB0032102,,"InChI=1S/C13H12N2O4/c16-12(17)9-5-7-6-3-1-2-4-8(6)14-10(7)11(15-9)13(18)19/h1-4,9,11,14-15H,5H2,(H,16,17)(H,18,19)"
HILIC-neg_Cluster_0909: guanosine,NYHBQMYGNKIUIF-UUOKFMHZSA-N,HMDB0000133,C00387,"InChI=1S/C10H13N5O5/c11-10-13-7-4(8(19)14-10)12-2-15(7)9-6(18)5(17)3(1-16)20-9/h2-3,5-6,9,16-18H,1H2,(H3,11,13,14,19)/t3-,5-,6-,9-/m1/s1"
C18-neg_Cluster_0901: 7-ketodeoxycholate,RHCPKKNRWFXMAT-SQWYQQCBSA-N,HMDB0000391,C04643,"InChI=1S/C24H38O5/c1-13(4-7-21(28)29)16-5-6-17-22-18(12-20(27)24(16,17)3)23(2)9-8-15(25)10-14(23)11-19(22)26/h13-18,20,22,25,27H,4-12H2,1-3H3,(H,28,29)/t13-,14-,15+,16+,17-,18-,20-,22-,23-,24+/m0/s1"
C18-neg_Cluster_1273: cholate,BHQCQFFYRZLCQQ-OELDTZBJSA-N,HMDB0000619,C00695,"InChI=1S/C24H40O5/c1-13(4-7-21(28)29)16-5-6-17-22-18(12-20(27)24(16,17)3)23(2)9-8-15(25)10-14(23)11-19(22)26/h13-20,22,25-27H,4-12H2,1-3H3,(H,28,29)/t13-,14+,15-,16-,17+,18+,19-,20+,22+,23+,24-/m1/s1"
C18-neg_Cluster_1722: cholate,BHQCQFFYRZLCQQ-OELDTZBJSA-N,HMDB0000619,C00695,"InChI=1S/C24H40O5/c1-13(4-7-21(28)29)16-5-6-17-22-18(12-20(27)24(16,17)3)23(2)9-8-15(25)10-14(23)11-19(22)26/h13-20,22,25-27H,4-12H2,1-3H3,(H,28,29)/t13-,14+,15-,16-,17+,18+,19-,20+,22+,23+,24-/m1/s1"
HILIC-pos_Cluster_0590: carnosine,CQOVPNPJLQNMDC-ZETCQYMHSA-N,HMDB0000033,C00386,"InChI=1S/C9H14N4O3/c10-2-1-8(14)13-7(9(15)16)3-6-4-11-5-12-6/h4-5,7H,1-3,10H2,(H,11,12)(H,13,14)(H,15,16)/t7-/m0/s1"
C18-neg_Cluster_0393: 12.13-diHOME,CQSLTKIXAJTQGA-FLIBITNWSA-N,HMDB0004705,C14829,"InChI=1S/C18H34O4/c1-2-3-10-13-16(19)17(20)14-11-8-6-4-5-7-9-12-15-18(21)22/h8,11,16-17,19-20H,2-7,9-10,12-15H2,1H3,(H,21,22)/b11-8-"
C18-neg_Cluster_1621: cholate,BHQCQFFYRZLCQQ-OELDTZBJSA-N,HMDB0000619,C00695,"InChI=1S/C24H40O5/c1-13(4-7-21(28)29)16-5-6-17-22-18(12-20(27)24(16,17)3)23(2)9-8-15(25)10-14(23)11-19(22)26/h13-20,22,25-27H,4-12H2,1-3H3,(H,28,29)/t13-,14+,15-,16-,17+,18+,19-,20+,22+,23+,24-/m1/s1"
C8-pos_Cluster_1900: cholestenone,NYOXRYYXRWJDKP-GYKMGIIDSA-N,HMDB0000921,C00599,"InChI=1S/C27H44O/c1-18(2)7-6-8-19(3)23-11-12-24-22-10-9-20-17-21(28)13-15-26(20,4)25(22)14-16-27(23,24)5/h17-19,22-25H,6-16H2,1-5H3/t19-,22+,23-,24+,25+,26+,27-/m1/s1"
HILIC-pos_Cluster_0230: carnitine,PHIQHXFUZVPYII-ZCFIWIBFSA-N,HMDB0000062,C00318,"InChI=1S/C7H15NO3/c1-8(2,3)5-6(9)4-7(10)11/h6,9H,4-5H2,1-3H3/t6-/m1/s1"
HILIC-pos_Cluster_2052: bilirubin,BPYKTIZUTYGOLE-IFADSCNNSA-N,HMDB0000054,C00486,"InChI=1S/C33H36N4O6/c1-7-20-19(6)32(42)37-27(20)14-25-18(5)23(10-12-31(40)41)29(35-25)15-28-22(9-11-30(38)39)17(4)24(34-28)13-26-16(3)21(8-2)33(43)36-26/h7-8,13-14,34-35H,1-2,9-12,15H2,3-6H3,(H,36,43)(H,37,42)(H,38,39)(H,40,41)/b26-13-,27-14-"
C8-pos_Cluster_0554: cholestenone,NYOXRYYXRWJDKP-GYKMGIIDSA-N,HMDB0000921,C00599,"InChI=1S/C27H44O/c1-18(2)7-6-8-19(3)23-11-12-24-22-10-9-20-17-21(28)13-15-26(20,4)25(22)14-16-27(23,24)5/h17-19,22-25H,6-16H2,1-5H3/t19-,22+,23-,24+,25+,26+,27-/m1/s1"
HILIC-pos_Cluster_0177: 4-hydroxy-3-methylacetophenone,LXBHHIZIQVZGFN-UHFFFAOYSA-N,HMDB0059824,,"InChI=1S/C9H10O2/c1-6-5-8(7(2)10)3-4-9(6)11/h3-5,11H,1-2H3"
HILIC-pos_Cluster_0086: N-acetylputrescine,KLZGKIDSEJWEDW-UHFFFAOYSA-N,HMDB0002064,C02714,"InChI=1S/C6H14N2O/c1-6(9)8-5-3-2-4-7/h2-5,7H2,1H3,(H,8,9)"
HILIC-neg_Cluster_0015: alanine,QNAYBMKLOCPYGJ-REOHCLBHSA-N,HMDB0000161,C00041,"InChI=1S/C3H7NO2/c1-2(4)3(5)6/h2H,4H2,1H3,(H,5,6)/t2-/m0/s1"
HILIC-pos_Cluster_0022: choline,OEYIOHPDSNJKLS-UHFFFAOYSA-N,HMDB0000097,C00114,"InChI=1S/C5H14NO/c1-6(2,3)4-5-7/h7H,4-5H2,1-3H3/q+1"
HILIC-pos_Cluster_0540: pantothenate,GHOKWGTUZJEAQD-ZETCQYMHSA-N,HMDB0000210,C00864,"InChI=1S/C9H17NO5/c1-9(2,5-11)7(14)8(15)10-4-3-6(12)13/h7,11,14H,3-5H2,1-2H3,(H,10,15)(H,12,13)/t7-/m0/s1"
HILIC-neg_Cluster_0392: citrate,KRKNYBCHXYNGOX-UHFFFAOYSA-N,HMDB0000094,C00158,"InChI=1S/C6H8O7/c7-3(8)1-6(13,5(11)12)2-4(9)10/h13H,1-2H2,(H,7,8)(H,9,10)(H,11,12)"
C18-neg_Cluster_0900: ketodeoxycholate,RHCPKKNRWFXMAT-RRWYKFPJSA-N,HMDB0000391,,"InChI=1S/C24H38O5/c1-13(4-7-21(28)29)16-5-6-17-22-18(12-20(27)24(16,17)3)23(2)9-8-15(25)10-14(23)11-19(22)26/h13-18,20,22,25,27H,4-12H2,1-3H3,(H,28,29)/t13-,14+,15-,16-,17+,18+,20+,22+,23+,24-/m1/s1"
C18-neg_Cluster_1803: maslinic acid,MDZKJHQSJHYOHJ-LLICELPBSA-N,HMDB0002392,C16939,"InChI=1S/C30H48O4/c1-25(2)12-14-30(24(33)34)15-13-28(6)18(19(30)16-25)8-9-22-27(5)17-20(31)23(32)26(3,4)21(27)10-11-29(22,28)7/h8,19-23,31-32H,9-17H2,1-7H3,(H,33,34)/t19-,20+,21-,22+,23-,27-,28+,29+,30-/m0/s1"
C18-neg_Cluster_0019: p-hydroxyphenylacetate,XQXPVVBIMDBYFF-UHFFFAOYSA-N,HMDB0000020,C00642,"InChI=1S/C8H8O3/c9-7-3-1-6(2-4-7)5-8(10)11/h1-4,9H,5H2,(H,10,11)"
HILIC-neg_Cluster_0332: saccharin,CVHZOJJKTDOEJC-UHFFFAOYSA-N,HMDB0029723,C12283,"InChI=1S/C7H5NO3S/c9-7-5-3-1-2-4-6(5)12(10,11)8-7/h1-4H,(H,8,9)"
HILIC-neg_Cluster_0283: shikimate,JXOHGGNKMLTUBP-HSUXUTPPSA-N,HMDB0003070,C00493,"InChI=1S/C7H10O5/c8-4-1-3(7(11)12)2-5(9)6(4)10/h1,4-6,8-10H,2H2,(H,11,12)/t4-,5-,6-/m1/s1"
C18-neg_Cluster_1680: maslinic acid,MDZKJHQSJHYOHJ-LLICELPBSA-N,HMDB0002392,C16939,"InChI=1S/C30H48O4/c1-25(2)12-14-30(24(33)34)15-13-28(6)18(19(30)16-25)8-9-22-27(5)17-20(31)23(32)26(3,4)21(27)10-11-29(22,28)7/h8,19-23,31-32H,9-17H2,1-7H3,(H,33,34)/t19-,20+,21-,22+,23-,27-,28+,29+,30-/m0/s1"
C18-neg_Cluster_1060: chenodeoxycholate,RUDATBOHQWOJDD-BSWAIDMHSA-N,HMDB0000518,C02528,"InChI=1S/C24H40O4/c1-14(4-7-21(27)28)17-5-6-18-22-19(9-11-24(17,18)3)23(2)10-8-16(25)12-15(23)13-20(22)26/h14-20,22,25-26H,4-13H2,1-3H3,(H,27,28)/t14-,15+,16-,17-,18+,19+,20-,22+,23+,24-/m1/s1"
C18-neg_Cluster_1196: glycodeoxycholic acid,WVULKSPCQVQLCU-BUXLTGKBSA-N,HMDB0000631,C05464,"InChI=1S/C26H43NO5/c1-15(4-9-23(30)27-14-24(31)32)19-7-8-20-18-6-5-16-12-17(28)10-11-25(16,2)21(18)13-22(29)26(19,20)3/h15-22,28-29H,4-14H2,1-3H3,(H,27,30)(H,31,32)/t15-,16-,17-,18+,19-,20+,21+,22+,25+,26-/m1/s1"
HILIC-neg_Cluster_0123: hypoxanthine,FDGQSTZJBFJUBT-UHFFFAOYSA-N,HMDB0000157,C00262,"InChI=1S/C5H4N4O/c10-5-3-4(7-1-6-3)8-2-9-5/h1-2H,(H2,6,7,8,9,10)"
C18-neg_Cluster_0354: arachidonic acid,YZXBAPSDXZZRGB-DOFZRALJSA-N,HMDB0001043,C00219,"InChI=1S/C20H32O2/c1-2-3-4-5-6-7-8-9-10-11-12-13-14-15-16-17-18-19-20(21)22/h6-7,9-10,12-13,15-16H,2-5,8,11,14,17-19H2,1H3,(H,21,22)/b7-6-,10-9-,13-12-,16-15-"
C18-neg_Cluster_1178: cholate,BHQCQFFYRZLCQQ-OELDTZBJSA-N,HMDB0000619,C00695,"InChI=1S/C24H40O5/c1-13(4-7-21(28)29)16-5-6-17-22-18(12-20(27)24(16,17)3)23(2)9-8-15(25)10-14(23)11-19(22)26/h13-20,22,25-27H,4-12H2,1-3H3,(H,28,29)/t13-,14+,15-,16-,17+,18+,19-,20+,22+,23+,24-/m1/s1"
HILIC-neg_Cluster_0331: sorbitol,FBPFZTCFMRRESA-JGWLITMVSA-N,HMDB0000247,C00794,"InChI=1S/C6H14O6/c7-1-3(9)5(11)6(12)4(10)2-8/h3-12H,1-2H2/t3-,4+,5-,6-/m1/s1"
HILIC-pos_Cluster_0333: tyrosine,OUYCCCASQSFEME-QMMMGPOBSA-N,HMDB0000158,C00082,"InChI=1S/C9H11NO3/c10-8(9(12)13)5-6-1-3-7(11)4-2-6/h1-4,8,11H,5,10H2,(H,12,13)/t8-/m0/s1"
C18-neg_Cluster_0530: 13-docosenoate,DPUOLQHDNGRHBS-KTKRTIGZSA-N,HMDB0002068,C08316,"InChI=1S/C22H42O2/c1-2-3-4-5-6-7-8-9-10-11-12-13-14-15-16-17-18-19-20-21-22(23)24/h9-10H,2-8,11-21H2,1H3,(H,23,24)/b10-9-"
HILIC-pos_Cluster_0024: serine,MTCFGRXMJLQNBG-UHFFFAOYSA-N,HMDB0000187,C00716,"InChI=1S/C3H7NO3/c4-2(1-5)3(6)7/h2,5H,1,4H2,(H,6,7)"
HILIC-neg_Cluster_0365: azelaic acid,BDJRBEYXGGNYIS-UHFFFAOYSA-N,HMDB0000784,C08261,"InChI=1S/C9H16O4/c10-8(11)6-4-2-1-3-5-7-9(12)13/h1-7H2,(H,10,11)(H,12,13)"
HILIC-neg_Cluster_0064: caproic acid,FUZZWVXGSFPDMH-UHFFFAOYSA-N,HMDB0000535,C01585,"InChI=1S/C6H12O2/c1-2-3-4-5-6(7)8/h2-5H2,1H3,(H,7,8)"
HILIC-pos_Cluster_0495: N-acetylglutamic acid,RFMMMVDNIPUKGG-YFKPBYRVSA-N,HMDB0001138,C00624,"InChI=1S/C7H11NO5/c1-4(9)8-5(7(12)13)2-3-6(10)11/h5H,2-3H2,1H3,(H,8,9)(H,10,11)(H,12,13)/t5-/m0/s1"
C8-pos_Cluster_1495: linoleoyl ethanolamide ,KQXDGUVSAAQARU-HZJYTTRNSA-N,HMDB0012252,,"InChI=1S/C20H37NO2/c1-2-3-4-5-6-7-8-9-10-11-12-13-14-15-16-17-20(23)21-18-19-22/h6-7,9-10,22H,2-5,8,11-19H2,1H3,(H,21,23)/b7-6-,10-9-"
C18-neg_Cluster_0672: nervonic acid,GWHCXVQVJPWHRF-KTKRTIGZSA-N,HMDB0002368,C08323,"InChI=1S/C24H46O2/c1-2-3-4-5-6-7-8-9-10-11-12-13-14-15-16-17-18-19-20-21-22-23-24(25)26/h9-10H,2-8,11-23H2,1H3,(H,25,26)/b10-9-"
C18-neg_Cluster_1131: arachidonic acid,YZXBAPSDXZZRGB-DOFZRALJSA-N,HMDB0001043,C00219,"InChI=1S/C20H32O2/c1-2-3-4-5-6-7-8-9-10-11-12-13-14-15-16-17-18-19-20(21)22/h6-7,9-10,12-13,15-16H,2-5,8,11,14,17-19H2,1H3,(H,21,22)/b7-6-,10-9-,13-12-,16-15-"
HILIC-pos_Cluster_0797: thiamine,JZRWCGZRTZMZEH-UHFFFAOYSA-N,HMDB0000235,C00378,"InChI=1S/C12H17N4OS/c1-8-11(3-4-17)18-7-16(8)6-10-5-14-9(2)15-12(10)13/h5,7,17H,3-4,6H2,1-2H3,(H2,13,14,15)/q+1"
HILIC-pos_Cluster_0150: 4-guanidinobutanoic acid,TUHVEAJXIMEOSA-UHFFFAOYSA-N,HMDB0003464,C01035,"InChI=1S/C5H11N3O2/c6-5(7)8-3-1-2-4(9)10/h1-3H2,(H,9,10)(H4,6,7,8)"
HILIC-neg_Cluster_0706: uridine,DRTQHJPVMGBUCF-XVFCMESISA-N,HMDB0000296,C00299,"InChI=1S/C9H12N2O6/c12-3-4-6(14)7(15)8(17-4)11-2-1-5(13)10-9(11)16/h1-2,4,6-8,12,14-15H,3H2,(H,10,13,16)/t4-,6-,7-,8-/m1/s1"
HILIC-pos_Cluster_0246: 7-methylguanine,FZWGECJQACGGTI-UHFFFAOYSA-N,HMDB0000897,C02242,"InChI=1S/C6H7N5O/c1-11-2-8-4-3(11)5(12)10-6(7)9-4/h2H,1H3,(H3,7,9,10,12)"
HILIC-neg_Cluster_0117: aspartate,CKLJMWTZIZZHCS-REOHCLBHSA-N,HMDB0000191,C00049,"InChI=1S/C4H7NO4/c5-2(4(8)9)1-3(6)7/h2H,1,5H2,(H,6,7)(H,8,9)/t2-/m0/s1"
HILIC-neg_Cluster_0552: pantothete,GHOKWGTUZJEAQD-ZETCQYMHSA-N,HMDB0000210,C00864,"InChI=1S/C9H17NO5/c1-9(2,5-11)7(14)8(15)10-4-3-6(12)13/h7,11,14H,3-5H2,1-2H3,(H,10,15)(H,12,13)/t7-/m0/s1"
C18-neg_Cluster_0090: acetytyrosine,SKAWDTAMLOJQNK-LBPRGKRZSA-N,HMDB0000866,C01657,"InChI=1S/C13H17NO4/c1-3-18-13(17)12(14-9(2)15)8-10-4-6-11(16)7-5-10/h4-7,12,16H,3,8H2,1-2H3,(H,14,15)/t12-/m0/s1"
HILIC-neg_Cluster_0296: citrulline,RHGKLRLOHDJJDR-BYPYZUCNSA-N,HMDB0000904,C00327,"InChI=1S/C6H13N3O3/c7-4(5(10)11)2-1-3-9-6(8)12/h4H,1-3,7H2,(H,10,11)(H3,8,9,12)/t4-/m0/s1"
HILIC-pos_Cluster_0913: ethyl 9-hexadecenoate,JELGPLUONQGOHF-MDZDMXLPSA-N,HMDB0059871,,"InChI=1S/C18H34O2/c1-3-5-6-7-8-9-10-11-12-13-14-15-16-17-18(19)20-4-2/h9-10H,3-8,11-17H2,1-2H3/b10-9+"
HILIC-neg_Cluster_0105: leucine,ROHFNLRQFUQHCH-YFKPBYRVSA-N,HMDB0000687,C00123,"InChI=1S/C6H13NO2/c1-4(2)3-5(7)6(8)9/h4-5H,3,7H2,1-2H3,(H,8,9)/t5-/m0/s1"
C18-neg_Cluster_0246: linoleic acid,OYHQOLUKZRVURQ-HZJYTTRNSA-N,HMDB0000673,C01595,"InChI=1S/C18H32O2/c1-2-3-4-5-6-7-8-9-10-11-12-13-14-15-16-17-18(19)20/h6-7,9-10H,2-5,8,11-17H2,1H3,(H,19,20)/b7-6-,10-9-"
C18-neg_Cluster_0031: phenyllactate,RKUNBYITZUJHSG-SPUOUPEWSA-N,HMDB0000779,C01479,"InChI=1S/C17H23NO3/c1-18-13-7-8-14(18)10-15(9-13)21-17(20)16(11-19)12-5-3-2-4-6-12/h2-6,13-16,19H,7-11H2,1H3/t13-,14+,15+,16?"
C18-neg_Cluster_0219: 2-hydroxyhexadecanoate,JGHSBPIZNUXPLA-OAHLLOKOSA-N,HMDB0031057,,"InChI=1S/C16H32O3/c1-2-3-4-5-6-7-8-9-10-11-12-13-14-15(17)16(18)19/h15,17H,2-14H2,1H3,(H,18,19)/t15-/m1/s1"
C18-neg_Cluster_1258: cholate,BHQCQFFYRZLCQQ-OELDTZBJSA-N,HMDB0000619,C00695,"InChI=1S/C24H40O5/c1-13(4-7-21(28)29)16-5-6-17-22-18(12-20(27)24(16,17)3)23(2)9-8-15(25)10-14(23)11-19(22)26/h13-20,22,25-27H,4-12H2,1-3H3,(H,28,29)/t13-,14+,15-,16-,17+,18+,19-,20+,22+,23+,24-/m1/s1"
HILIC-neg_Cluster_0203: orotate,PXQPEWDEAKTCGB-UHFFFAOYSA-N,HMDB0000226,C00295,"InChI=1S/C5H4N2O4/c8-3-1-2(4(9)10)6-5(11)7-3/h1H,(H,9,10)(H2,6,7,8,11)"
HILIC-neg_Cluster_0040: pyrocatechol,YCIMNLLNPGFGHC-UHFFFAOYSA-N,HMDB0000957,C15571,"InChI=1S/C6H6O2/c7-5-3-1-2-4-6(5)8/h1-4,7-8H"
C18-neg_Cluster_1574: taurochenodesoxycholic acid,BHTRKEVKTKCXOH-BJLOMENOSA-N,HMDB0000951,C05465,"InChI=1S/C26H45NO6S/c1-16(4-7-23(30)27-12-13-34(31,32)33)19-5-6-20-24-21(9-11-26(19,20)3)25(2)10-8-18(28)14-17(25)15-22(24)29/h16-22,24,28-29H,4-15H2,1-3H3,(H,27,30)(H,31,32,33)/t16-,17+,18-,19-,20+,21+,22-,24+,25+,26-/m1/s1"
HILIC-neg_Cluster_0166: glutamate,WHUUTDBJXJRKMK-VKHMYHEASA-N,HMDB0000148,C00025,"InChI=1S/C5H9NO4/c6-3(5(9)10)1-2-4(7)8/h3H,1-2,6H2,(H,7,8)(H,9,10)/t3-/m0/s1"
HILIC-neg_Cluster_0824: inosine,UGQMRVRMYYASKQ-KQYNXXCUSA-N,HMDB0000195,C00294,"InChI=1S/C10H12N4O5/c15-1-4-6(16)7(17)10(19-4)14-3-13-5-8(14)11-2-12-9(5)18/h2-4,6-7,10,15-17H,1H2,(H,11,12,18)/t4-,6-,7-,10-/m1/s1"
C18-neg_Cluster_0832: chenodeoxycholate,RUDATBOHQWOJDD-BSWAIDMHSA-N,HMDB0000518,C02528,"InChI=1S/C24H40O4/c1-14(4-7-21(27)28)17-5-6-18-22-19(9-11-24(17,18)3)23(2)10-8-16(25)12-15(23)13-20(22)26/h14-20,22,25-26H,4-13H2,1-3H3,(H,27,28)/t14-,15+,16-,17-,18+,19+,20-,22+,23+,24-/m1/s1"
C8-pos_Cluster_0478: cholestenone,NYOXRYYXRWJDKP-GYKMGIIDSA-N,HMDB0000921,C00599,"InChI=1S/C27H44O/c1-18(2)7-6-8-19(3)23-11-12-24-22-10-9-20-17-21(28)13-15-26(20,4)25(22)14-16-27(23,24)5/h17-19,22-25H,6-16H2,1-5H3/t19-,22+,23-,24+,25+,26+,27-/m1/s1"
HILIC-pos_Cluster_1148: linoleoyl ethanolamide ,KQXDGUVSAAQARU-HZJYTTRNSA-N,HMDB0012252,,"InChI=1S/C20H37NO2/c1-2-3-4-5-6-7-8-9-10-11-12-13-14-15-16-17-20(23)21-18-19-22/h6-7,9-10,22H,2-5,8,11-19H2,1H3,(H,21,23)/b7-6-,10-9-"
C18-neg_Cluster_1596: oleanolic acid,MIJYXULNPSFWEK-GTOFXWBISA-N,HMDB0002364,C17148,"InChI=1S/C30H48O3/c1-25(2)14-16-30(24(32)33)17-15-28(6)19(20(30)18-25)8-9-22-27(5)12-11-23(31)26(3,4)21(27)10-13-29(22,28)7/h8,20-23,31H,9-18H2,1-7H3,(H,32,33)/t20-,21-,22+,23-,27-,28+,29+,30-/m0/s1"
HILIC-pos_Cluster_0007: putrescine,KIDHWZJUCRJVML-UHFFFAOYSA-N,HMDB0001414,C00134,InChI=1S/C4H12N2/c5-3-1-2-4-6/h1-6H2
HILIC-neg_Cluster_0174: tartarate,FEWJPZIEWOKRBE-JCYAYHJZSA-N,HMDB0000956,C00898,"InChI=1S/C4H6O6/c5-1(3(7)8)2(6)4(9)10/h1-2,5-6H,(H,7,8)(H,9,10)/t1-,2-/m1/s1"
C8-pos_Cluster_0705: cholestenone,NYOXRYYXRWJDKP-GYKMGIIDSA-N,HMDB0000921,C00599,"InChI=1S/C27H44O/c1-18(2)7-6-8-19(3)23-11-12-24-22-10-9-20-17-21(28)13-15-26(20,4)25(22)14-16-27(23,24)5/h17-19,22-25H,6-16H2,1-5H3/t19-,22+,23-,24+,25+,26+,27-/m1/s1"
HILIC-pos_Cluster_0041: proline,ONIBWKKTOPOVIA-BYPYZUCNSA-N,HMDB0000162,C00148,"InChI=1S/C5H9NO2/c7-5(8)4-2-1-3-6-4/h4,6H,1-3H2,(H,7,8)/t4-/m0/s1"
C18-neg_Cluster_0731: lithocholic acid,SMEROWZSTRWXGI-WFVDQZAMSA-N,HMDB0000717,C17658,"InChI=1S/C24H40O3/c1-15(4-9-22(26)27)19-7-8-20-18-6-5-16-14-17(25)10-12-23(16,2)21(18)11-13-24(19,20)3/h15-21,25H,4-14H2,1-3H3,(H,26,27)/t15-,16-,17+,18+,19-,20+,21+,23+,24-/m1/s1"
HILIC-pos_Cluster_0927: piperine,MXXWOMGUGJBKIW-YPCIICBESA-N,HMDB0029377,C03882,"InChI=1S/C17H19NO3/c19-17(18-10-4-1-5-11-18)7-3-2-6-14-8-9-15-16(12-14)21-13-20-15/h2-3,6-9,12H,1,4-5,10-11,13H2/b6-2+,7-3+"
HILIC-neg_Cluster_0085: taurine,XOAAWQZATWQOTB-UHFFFAOYSA-N,HMDB0000251,C00245,"InChI=1S/C2H7NO3S/c3-1-2-7(4,5)6/h1-3H2,(H,4,5,6)"
HILIC-pos_Cluster_0092: isoleucine,AGPKZVBTJJNPAG-WHFBIAKZSA-N,HMDB0000172,C00407,"InChI=1S/C6H13NO2/c1-3-4(2)5(7)6(8)9/h4-5H,3,7H2,1-2H3,(H,8,9)/t4-,5-/m0/s1"
C18-neg_Cluster_0250: oleic acid,ZQPPMHVWECSIRJ-KTKRTIGZSA-N,HMDB0000207,C00712,"InChI=1S/C18H34O2/c1-2-3-4-5-6-7-8-9-10-11-12-13-14-15-16-17-18(19)20/h9-10H,2-8,11-17H2,1H3,(H,19,20)/b10-9-"
HILIC-pos_Cluster_0082: N-methylproline,CWLQUGTUXBXTLF-YFKPBYRVSA-N,HMDB0094696,,"InChI=1S/C6H11NO2/c1-7-4-2-3-5(7)6(8)9/h5H,2-4H2,1H3,(H,8,9)/t5-/m0/s1"
HILIC-neg_Cluster_0133: 4-nitrophenol,BTJIUGUIPKRLHP-UHFFFAOYSA-N,HMDB0001232,C00870,"InChI=1S/C6H5NO3/c8-6-3-1-5(2-4-6)7(9)10/h1-4,8H"
HILIC-neg_Cluster_0120: adenine,GFFGJBXGBJISGV-UHFFFAOYSA-N,HMDB0000034,C00147,"InChI=1S/C5H5N5/c6-4-3-5(9-1-7-3)10-2-8-4/h1-2H,(H3,6,7,8,9,10)"
C18-neg_Cluster_0004: 4-hydroxystyrene,FUGYGGDSWSUORM-UHFFFAOYSA-N,HMDB0004072,C05627,"InChI=1S/C8H8O/c1-2-7-3-5-8(9)6-4-7/h2-6,9H,1H2"
HILIC-pos_Cluster_0167: methionine,FFEARJCKVFRZRR-BYPYZUCNSA-N,HMDB0000696,C00073,"InChI=1S/C5H11NO2S/c1-9-3-2-4(6)5(7)8/h4H,2-3,6H2,1H3,(H,7,8)/t4-/m0/s1"
HILIC-neg_Cluster_0049: uracil,ISAKRJDGNUQOIC-UHFFFAOYSA-N,HMDB0000300,C00106,"InChI=1S/C4H4N2O2/c7-3-1-2-5-4(8)6-3/h1-2H,(H2,5,6,7,8)"
C18-neg_Cluster_0164: palmitoleic acid,SECPZKHBENQXJG-FPLPWBNLSA-N,HMDB0003229,C08362,"InChI=1S/C16H30O2/c1-2-3-4-5-6-7-8-9-10-11-12-13-14-15-16(17)18/h7-8H,2-6,9-15H2,1H3,(H,17,18)/b8-7-"
C18-neg_Cluster_0709: arachidonic acid,YZXBAPSDXZZRGB-DOFZRALJSA-N,HMDB0001043,C00219,"InChI=1S/C20H32O2/c1-2-3-4-5-6-7-8-9-10-11-12-13-14-15-16-17-18-19-20(21)22/h6-7,9-10,12-13,15-16H,2-5,8,11,14,17-19H2,1H3,(H,21,22)/b7-6-,10-9-,13-12-,16-15-"
C18-neg_Cluster_0177: tetradecanedioate,HOQADATXFBOEGG-UHFFFAOYSA-N,HMDB0000872,C11002,"InChI=1S/C15H24NO4PS/c1-6-18-21(22,16-11(2)3)20-14-10-8-7-9-13(14)15(17)19-12(4)5/h7-12H,6H2,1-5H3,(H,16,22)"
HILIC-neg_Cluster_0220: 3-methyladipate-pimelate,SYEOWUNSTUDKGM-YFKPBYRVSA-N,HMDB0000555,,"InChI=1S/C7H12O4/c1-5(4-7(10)11)2-3-6(8)9/h5H,2-4H2,1H3,(H,8,9)(H,10,11)/t5-/m0/s1"
HILIC-neg_Cluster_0034: alpha-hydroxybutyrate,AFENDNXGAFYKQO-VKHMYHEASA-N,HMDB0000008,C05984,"InChI=1S/C4H8O3/c1-2-3(5)4(6)7/h3,5H,2H2,1H3,(H,6,7)/t3-/m0/s1"
HILIC-neg_Cluster_0562: ethyl glucuronide,IWJBVMJWSPZNJH-UQGZVRACSA-N,HMDB0010325,,"InChI=1S/C8H14O7/c1-2-14-8-5(11)3(9)4(10)6(15-8)7(12)13/h3-6,8-11H,2H2,1H3,(H,12,13)/t3-,4-,5+,6-,8+/m0/s1"
HILIC-neg_Cluster_0020: lactate,JVTAAEKCZFNVCJ-REOHCLBHSA-N,HMDB0000190,C00186,"InChI=1S/C3H6O3/c1-2(4)3(5)6/h2,4H,1H3,(H,5,6)/t2-/m0/s1"
C18-neg_Cluster_0490: docosapentaenoic acid,YUFFSWGQGVEMMI-JLNKQSITSA-N,HMDB0006528,C16513,"InChI=1S/C22H34O2/c1-2-3-4-5-6-7-8-9-10-11-12-13-14-15-16-17-18-19-20-21-22(23)24/h3-4,6-7,9-10,12-13,15-16H,2,5,8,11,14,17-21H2,1H3,(H,23,24)/b4-3-,7-6-,10-9-,13-12-,16-15-"
HILIC-pos_Cluster_0079: pyroglutamic acid,ODHCTXKNWHHXJC-VKHMYHEASA-N,HMDB0000267,C01879,"InChI=1S/C5H7NO3/c7-4-2-1-3(6-4)5(8)9/h3H,1-2H2,(H,6,7)(H,8,9)/t3-/m0/s1"
C8-pos_Cluster_0629: cholestenone,NYOXRYYXRWJDKP-GYKMGIIDSA-N,HMDB0000921,C00599,"InChI=1S/C27H44O/c1-18(2)7-6-8-19(3)23-11-12-24-22-10-9-20-17-21(28)13-15-26(20,4)25(22)14-16-27(23,24)5/h17-19,22-25H,6-16H2,1-5H3/t19-,22+,23-,24+,25+,26+,27-/m1/s1"
HILIC-neg_Cluster_1303: lithocholate,SMEROWZSTRWXGI-WFVDQZAMSA-N,HMDB0000717,C17658,"InChI=1S/C24H40O3/c1-15(4-9-22(26)27)19-7-8-20-18-6-5-16-14-17(25)10-12-23(16,2)21(18)11-13-24(19,20)3/h15-21,25H,4-14H2,1-3H3,(H,26,27)/t15-,16-,17+,18+,19-,20+,21+,23+,24-/m1/s1"
HILIC-pos_Cluster_0100: ornithine,AHLPHDHHMVZTML-BYPYZUCNSA-N,HMDB0000214,C00077,"InChI=1S/C5H12N2O2/c6-3-1-2-4(7)5(8)9/h4H,1-3,6-7H2,(H,8,9)/t4-/m0/s1"
HILIC-pos_Cluster_0032: cytosine,OPTASPLRGRRNAP-UHFFFAOYSA-N,HMDB0000630,C00380,"InChI=1S/C4H5N3O/c5-3-1-2-6-4(8)7-3/h1-2H,(H3,5,6,7,8)"
HILIC-neg_Cluster_0187: xanthine,LRFVTYWOQMYALW-UHFFFAOYSA-N,HMDB0000292,C00385,"InChI=1S/C5H4N4O2/c10-4-2-3(7-1-6-2)8-5(11)9-4/h1H,(H3,6,7,8,9,10,11)"
C8-pos_Cluster_0515: beta-sitosterol,KZJWDPNRJALLNS-VJSFXXLFSA-N,HMDB0000852,C01753,"InChI=1S/C29H50O/c1-7-21(19(2)3)9-8-20(4)25-12-13-26-24-11-10-22-18-23(30)14-16-28(22,5)27(24)15-17-29(25,26)6/h10,19-21,23-27,30H,7-9,11-18H2,1-6H3/t20-,21-,23+,24+,25-,26+,27+,28+,29-/m1/s1"
HILIC-neg_Cluster_0159: alpha-ketoglutarate,KPGXRSRHYNQIFN-UHFFFAOYSA-N,HMDB0000208,C00026,"InChI=1S/C5H6O5/c6-3(5(9)10)1-2-4(7)8/h1-2H2,(H,7,8)(H,9,10)"
HILIC-pos_Cluster_0268: pyridoxamine,NHZMQXZHNVQTQA-UHFFFAOYSA-N,HMDB0001431,C00534,"InChI=1S/C8H12N2O2/c1-5-8(12)7(2-9)6(4-11)3-10-5/h3,11-12H,2,4,9H2,1H3"
C18-neg_Cluster_0486: carnosol,XUSYGBPHQBWGAD-PJSUUKDQSA-N,HMDB0002121,C09069,"InChI=1S/C20H26O4/c1-10(2)11-8-12-13-9-14-19(3,4)6-5-7-20(14,18(23)24-13)15(12)17(22)16(11)21/h8,10,13-14,21-22H,5-7,9H2,1-4H3/t13-,14-,20+/m0/s1"
HILIC-pos_Cluster_0152: acetylcholine,OIPILFWXSMYKGL-UHFFFAOYSA-N,HMDB0000895,C01996,"InChI=1S/C7H16NO2/c1-7(9)10-6-5-8(2,3)4/h5-6H2,1-4H3/q+1"
C18-neg_Cluster_0373: eicosenoate,BITHHVVYSMSWAG-KTKRTIGZSA-N,HMDB0002231,C16526,"InChI=1S/C20H38O2/c1-2-3-4-5-6-7-8-9-10-11-12-13-14-15-16-17-18-19-20(21)22/h9-10H,2-8,11-19H2,1H3,(H,21,22)/b10-9-"
HILIC-pos_Cluster_0822: inosine,UGQMRVRMYYASKQ-KQYNXXCUSA-N,HMDB0000195,C00294,"InChI=1S/C10H12N4O5/c15-1-4-6(16)7(17)10(19-4)14-3-13-5-8(14)11-2-12-9(5)18/h2-4,6-7,10,15-17H,1H2,(H,11,12,18)/t4-,6-,7-,10-/m1/s1"
HILIC-pos_Cluster_0524: N-acetyl-L-arginine,SNEIUMQYRCDYCH-LURJTMIESA-N,HMDB0004620,,"InChI=1S/C8H16N4O3/c1-5(13)12-6(7(14)15)3-2-4-11-8(9)10/h6H,2-4H2,1H3,(H,12,13)(H,14,15)(H4,9,10,11)/t6-/m0/s1"
C8-pos_Cluster_0341: N-oleoylethanolamine ,BOWVQLFMWHZBEF-KTKRTIGZSA-N,HMDB0002088,,"InChI=1S/C20H39NO2/c1-2-3-4-5-6-7-8-9-10-11-12-13-14-15-16-17-20(23)21-18-19-22/h9-10,22H,2-8,11-19H2,1H3,(H,21,23)/b10-9-"
HILIC-neg_Cluster_0162: glutamine,ZDXPYRJPNDTMRX-VKHMYHEASA-N,HMDB0000641,C00064,"InChI=1S/C5H10N2O3/c6-3(5(9)10)1-2-4(7)8/h3H,1-2,6H2,(H2,7,8)(H,9,10)/t3-/m0/s1"
C18-neg_Cluster_1620: arachidonic acid,YZXBAPSDXZZRGB-DOFZRALJSA-N,HMDB0001043,C00219,"InChI=1S/C20H32O2/c1-2-3-4-5-6-7-8-9-10-11-12-13-14-15-16-17-18-19-20(21)22/h6-7,9-10,12-13,15-16H,2-5,8,11,14,17-19H2,1H3,(H,21,22)/b7-6-,10-9-,13-12-,16-15-"
HILIC-pos_Cluster_0657: geranyl acetoacetate*,RYILZWKGLGVPOC-WQLSENKSSA-N,HMDB0038256,,"InChI=1S/C14H22O3/c1-11(2)6-5-7-12(3)8-9-17-14(16)10-13(4)15/h6,8H,5,7,9-10H2,1-4H3/b12-8-"
C18-neg_Cluster_0472: docosahexaenoic acid,MBMBGCFOFBJSGT-KUBAVDMBSA-N,HMDB0002183,C06429,"InChI=1S/C22H32O2/c1-2-3-4-5-6-7-8-9-10-11-12-13-14-15-16-17-18-19-20-21-22(23)24/h3-4,6-7,9-10,12-13,15-16,18-19H,2,5,8,11,14,17,20-21H2,1H3,(H,23,24)/b4-3-,7-6-,10-9-,13-12-,16-15-,19-18-"
HILIC-neg_Cluster_0328: homovanillate,QRMZSPFSDQBLIX-UHFFFAOYSA-N,HMDB0000118,C05582,"InChI=1S/C9H10O4/c1-13-8-4-6(5-9(11)12)2-3-7(8)10/h2-4,10H,5H2,1H3,(H,11,12)"
HILIC-neg_Cluster_0082: nicotinate,PVNIIMVLHYAWGP-UHFFFAOYSA-N,HMDB0001488,C00253,"InChI=1S/C6H5NO2/c8-6(9)5-2-1-3-7-4-5/h1-4H,(H,8,9)"
C8-pos_Cluster_0277: stearoyl ethanolamide,OTGQIQQTPXJQRG-UHFFFAOYSA-N,HMDB0013078,,"InChI=1S/C20H41NO2/c1-2-3-4-5-6-7-8-9-10-11-12-13-14-15-16-17-20(23)21-18-19-22/h22H,2-19H2,1H3,(H,21,23)"
HILIC-pos_Cluster_2093: urobilin*,DEEUSUJLZQQESV-RWPZCVJISA-N,HMDB0004160,C05793,"InChI=1S/C33H46N4O6/c1-7-20-19(6)32(42)37-27(20)14-25-18(5)23(10-12-31(40)41)29(35-25)15-28-22(9-11-30(38)39)17(4)24(34-28)13-26-16(3)21(8-2)33(43)36-26/h15-16,19-21,26-27,35H,7-14H2,1-6H3,(H,36,43)(H,37,42)(H,38,39)(H,40,41)/b28-15+"
C18-neg_Cluster_1129: chenodeoxycholate,RUDATBOHQWOJDD-BSWAIDMHSA-N,HMDB0000518,C02528,"InChI=1S/C24H40O4/c1-14(4-7-21(27)28)17-5-6-18-22-19(9-11-24(17,18)3)23(2)10-8-16(25)12-15(23)13-20(22)26/h14-20,22,25-26H,4-13H2,1-3H3,(H,27,28)/t14-,15+,16-,17-,18+,19+,20-,22+,23+,24-/m1/s1"
C18-neg_Cluster_1292: chenodeoxycholate,RUDATBOHQWOJDD-BSWAIDMHSA-N,HMDB0000518,C02528,"InChI=1S/C24H40O4/c1-14(4-7-21(27)28)17-5-6-18-22-19(9-11-24(17,18)3)23(2)10-8-16(25)12-15(23)13-20(22)26/h14-20,22,25-26H,4-13H2,1-3H3,(H,27,28)/t14-,15+,16-,17-,18+,19+,20-,22+,23+,24-/m1/s1"
C18-neg_Cluster_1465: taurolithocholic acid,QBYUNVOYXHFVKC-GBURMNQMSA-N,HMDB0000722,C02592,"InChI=1S/C26H45NO5S/c1-17(4-9-24(29)27-14-15-33(30,31)32)21-7-8-22-20-6-5-18-16-19(28)10-12-25(18,2)23(20)11-13-26(21,22)3/h17-23,28H,4-16H2,1-3H3,(H,27,29)(H,30,31,32)/t17-,18-,19-,20+,21-,22+,23+,25+,26-/m1/s1"
C8-pos_Cluster_0288: palmitoyl glycerol,QHZLMUACJMDIAE-SFHVURJKSA-N,HMDB0011564,,"InChI=1S/C19H38O4/c1-2-3-4-5-6-7-8-9-10-11-12-13-14-15-19(22)23-17-18(21)16-20/h18,20-21H,2-17H2,1H3/t18-/m0/s1"
C18-neg_Cluster_0064: sebacate,CXMXRPHRNRROMY-UHFFFAOYSA-N,HMDB0000792,C08277,"InChI=1S/C10H18O4/c11-9(12)7-5-3-1-2-4-6-8-10(13)14/h1-8H2,(H,11,12)(H,13,14)"
HILIC-pos_Cluster_0447: ADMA,YDGMGEXADBMOMJ-LURJTMIESA-N,HMDB0001539,C03626,"InChI=1S/C8H18N4O2/c1-12(2)8(10)11-5-3-4-6(9)7(13)14/h6H,3-5,9H2,1-2H3,(H2,10,11)(H,13,14)/t6-/m0/s1"
HILIC-pos_Cluster_0405: caffeine,RYYVLZVUVIJVGH-UHFFFAOYSA-N,HMDB0001847,C07481,"InChI=1S/C8H10N4O2/c1-10-4-9-6-5(10)7(13)12(3)8(14)11(6)2/h4H,1-3H3"
HILIC-pos_Cluster_0091: leucine,ROHFNLRQFUQHCH-YFKPBYRVSA-N,HMDB0000687,C00123,"InChI=1S/C6H13NO2/c1-4(2)3-5(7)6(8)9/h4-5H,3,7H2,1-2H3,(H,8,9)/t5-/m0/s1"
HILIC-neg_Cluster_0707: pseudouridine,PTJWIQPHWPFNBW-GBNDHIKLSA-N,HMDB0000767,C02067,"InChI=1S/C9H12N2O6/c12-2-4-5(13)6(14)7(17-4)3-1-10-9(16)11-8(3)15/h1,4-7,12-14H,2H2,(H2,10,11,15,16)/t4-,5-,6-,7+/m1/s1"
HILIC-neg_Cluster_0401: glucurote,AEMOLEFTQBMNLQ-AQKNRBDQSA-N,HMDB0000127,C00191,"InChI=1S/C6H10O7/c7-1-2(8)4(5(10)11)13-6(12)3(1)9/h1-4,6-9,12H,(H,10,11)/t1-,2-,3+,4-,6?/m0/s1"
HILIC-neg_Cluster_0169: 2-hydroxyglutarate,HWXBTNAVRSUOJR-UHFFFAOYSA-N,HMDB0059655,C02630,"InChI=1S/C5H8O5/c6-3(5(9)10)1-2-4(7)8/h3,6H,1-2H2,(H,7,8)(H,9,10)"
C18-neg_Cluster_0351: eicosapentaenoic acid,JAZBEHYOTPTENJ-JLNKQSITSA-N,HMDB0001999,C06428,"InChI=1S/C20H30O2/c1-2-3-4-5-6-7-8-9-10-11-12-13-14-15-16-17-18-19-20(21)22/h3-4,6-7,9-10,12-13,15-16H,2,5,8,11,14,17-19H2,1H3,(H,21,22)/b4-3-,7-6-,10-9-,13-12-,16-15-"
C8-pos_Cluster_0100: 7-hexadecenoic acid methyl ester,FXCDESKKWMGGON-KHPPLWFESA-N,HMDB0061858,,"InChI=1S/C17H32O2/c1-3-4-5-6-7-8-9-10-11-12-13-14-15-16-17(18)19-2/h10-11H,3-9,12-16H2,1-2H3/b11-10-"
HILIC-pos_Cluster_0033: histamine,NTYJJOPFIAHURM-UHFFFAOYSA-N,HMDB0000870,C00388,"InChI=1S/C5H9N3/c6-2-1-5-3-7-4-8-5/h3-4H,1-2,6H2,(H,7,8)"
HILIC-neg_Cluster_0059: proline,ONIBWKKTOPOVIA-BYPYZUCNSA-N,HMDB0000162,C00148,"InChI=1S/C5H9NO2/c7-5(8)4-2-1-3-6-4/h4,6H,1-3H2,(H,7,8)/t4-/m0/s1"
HILIC-pos_Cluster_0379: trimethyllysine,MXNRLFUSFKVQSK-QMMMGPOBSA-N,HMDB0001325,C03793,"InChI=1S/C9H20N2O2/c1-11(2,3)7-5-4-6-8(10)9(12)13/h8H,4-7,10H2,1-3H3/t8-/m0/s1"
HILIC-neg_Cluster_0324: tyrosine,OUYCCCASQSFEME-QMMMGPOBSA-N,HMDB0000158,C00082,"InChI=1S/C9H11NO3/c10-8(9(12)13)5-6-1-3-7(11)4-2-6/h1-4,8,11H,5,10H2,(H,12,13)/t8-/m0/s1"
HILIC-pos_Cluster_0114: 2-hydroxyphenethylamine,ULSIYEODSMZIPX-UHFFFAOYSA-N,HMDB0001065,C02735,"InChI=1S/C8H11NO/c9-6-8(10)7-4-2-1-3-5-7/h1-5,8,10H,6,9H2"
HILIC-neg_Cluster_0480: 1-3-7-trimethylurate,BYXCFUMGEBZDDI-UHFFFAOYSA-N,HMDB0002123,C16361,"InChI=1S/C8H10N4O3/c1-10-4-5(9-7(10)14)11(2)8(15)12(3)6(4)13/h1-3H3,(H,9,14)"
HILIC-neg_Cluster_1300: riboflavin,AUNGANRZJHBGPY-SCRDCRAPSA-N,HMDB0000244,C00255,"InChI=1S/C17H20N4O6/c1-7-3-9-10(4-8(7)2)21(5-11(23)14(25)12(24)6-22)15-13(18-9)16(26)20-17(27)19-15/h3-4,11-12,14,22-25H,5-6H2,1-2H3,(H,20,26,27)/t11-,12+,14-/m0/s1"
C18-neg_Cluster_0244: alpha-linolenic acid,DTOSIQBPPRVQHS-PDBXOOCHSA-N,HMDB0001388,C06427,"InChI=1S/C18H30O2/c1-2-3-4-5-6-7-8-9-10-11-12-13-14-15-16-17-18(19)20/h3-4,6-7,9-10H,2,5,8,11-17H2,1H3,(H,19,20)/b4-3-,7-6-,10-9-"
C18-neg_Cluster_0111: dodecanedioic acid,TVIDDXQYHWJXFK-UHFFFAOYSA-N,HMDB0000623,C02678,"InChI=1S/C12H22O4/c13-11(14)9-7-5-3-1-2-4-6-8-10-12(15)16/h1-10H2,(H,13,14)(H,15,16)"
HILIC-pos_Cluster_0658: geranyl acetoacetate*,RYILZWKGLGVPOC-WQLSENKSSA-N,HMDB0038256,,"InChI=1S/C14H22O3/c1-11(2)6-5-7-12(3)8-9-17-14(16)10-13(4)15/h6,8H,5,7,9-10H2,1-4H3/b12-8-"
HILIC-pos_Cluster_0160: glutamate,WHUUTDBJXJRKMK-VKHMYHEASA-N,HMDB0000148,C00025,"InChI=1S/C5H9NO4/c6-3(5(9)10)1-2-4(7)8/h3H,1-2,6H2,(H,7,8)(H,9,10)/t3-/m0/s1"
HILIC-neg_Cluster_0335: 4-pyridoxate,HXACOUQIXZGNBF-UHFFFAOYSA-N,HMDB0000017,C00847,"InChI=1S/C8H9NO4/c1-4-7(11)6(8(12)13)5(3-10)2-9-4/h2,10-11H,3H2,1H3,(H,12,13)"
HILIC-pos_Cluster_0036: creatinine,DDRJAANPRJIHGJ-UHFFFAOYSA-N,HMDB0000562,C00791,"InChI=1S/C4H7N3O/c1-7-2-3(8)6-4(7)5/h2H2,1H3,(H2,5,6,8)"
C18-neg_Cluster_0833: deoxycholic acid,KXGVEGMKQFWNSR-LLQZFEROSA-N,HMDB0000626,C04483,"InChI=1S/C24H40O4/c1-14(4-9-22(27)28)18-7-8-19-17-6-5-15-12-16(25)10-11-23(15,2)20(17)13-21(26)24(18,19)3/h14-21,25-26H,4-13H2,1-3H3,(H,27,28)/t14-,15-,16-,17+,18-,19+,20+,21+,23+,24-/m1/s1"
HILIC-pos_Cluster_0089: hydroxyproline,PMMYEEVYMWASQN-IMJSIDKUSA-N,HMDB0240251,C01015,"InChI=1S/C5H9NO3/c7-3-1-4(5(8)9)6-2-3/h3-4,6-7H,1-2H2,(H,8,9)/t3-,4-/m0/s1"
HILIC-neg_Cluster_0035: serine,MTCFGRXMJLQNBG-UHFFFAOYSA-N,HMDB0000187,C00716,"InChI=1S/C3H7NO3/c4-2(1-5)3(6)7/h2,5H,1,4H2,(H,6,7)"
"HILIC-pos_Cluster_0521: L-1,2,3,4-tetrahydro-beta-carboline-3-carboxylic acid*",FSNCEEGOMTYXKY-UHFFFAOYSA-N,HMDB0035665,,"InChI=1S/C12H12N2O2/c15-12(16)10-5-8-7-3-1-2-4-9(7)14-11(8)6-13-10/h1-4,10,13-14H,5-6H2,(H,15,16)"
HILIC-pos_Cluster_0914: 8-hydroxy-deoxyguanosine,HCAJQHYUCKICQH-VPENINKCSA-N,HMDB0003333,,"InChI=1S/C10H13N5O5/c11-9-13-7-6(8(18)14-9)12-10(19)15(7)5-1-3(17)4(2-16)20-5/h3-5,16-17H,1-2H2,(H,12,19)(H3,11,13,14,18)/t3-,4+,5+/m0/s1"
HILIC-pos_Cluster_0817: atenolol,AEQDBKHAAWUCMT-UHFFFAOYSA-N,HMDB0001924,C13235,"InChI=1S/C16H22N2O3.ClH/c1-4-12(17-9(2)3)16(21)11-5-7-13(19)15-10(11)6-8-14(20)18-15;/h5-9,12,16-17,19,21H,4H2,1-3H3,(H,18,20);1H"
C18-neg_Cluster_0079: undecanedionate,LWBHHRRTOZQPDM-UHFFFAOYSA-N,HMDB0000888,,"InChI=1S/C11H20O4/c12-10(13)8-6-4-2-1-3-5-7-9-11(14)15/h1-9H2,(H,12,13)(H,14,15)"
C18-neg_Cluster_1941: arachidonic acid,YZXBAPSDXZZRGB-DOFZRALJSA-N,HMDB0001043,C00219,"InChI=1S/C20H32O2/c1-2-3-4-5-6-7-8-9-10-11-12-13-14-15-16-17-18-19-20(21)22/h6-7,9-10,12-13,15-16H,2-5,8,11,14,17-19H2,1H3,(H,21,22)/b7-6-,10-9-,13-12-,16-15-"
HILIC-neg_Cluster_1403: cholate,BHQCQFFYRZLCQQ-OELDTZBJSA-N,HMDB0000619,C00695,"InChI=1S/C24H40O5/c1-13(4-7-21(28)29)16-5-6-17-22-18(12-20(27)24(16,17)3)23(2)9-8-15(25)10-14(23)11-19(22)26/h13-20,22,25-27H,4-12H2,1-3H3,(H,28,29)/t13-,14+,15-,16-,17+,18+,19-,20+,22+,23+,24-/m1/s1"
HILIC-pos_Cluster_0099: asparagine,DCXYFEDJOCDNAF-REOHCLBHSA-N,HMDB0000168,C00152,"InChI=1S/C4H8N2O3/c5-2(4(8)9)1-3(6)7/h2H,1,5H2,(H2,6,7)(H,8,9)/t2-/m0/s1"
HILIC-pos_Cluster_0157: lysine,KDXKERNSBIXSRK-YFKPBYRVSA-N,HMDB0000182,C00047,"InChI=1S/C6H14N2O2/c7-4-2-1-3-5(8)6(9)10/h5H,1-4,7-8H2,(H,9,10)/t5-/m0/s1"
HILIC-pos_Cluster_0151: butyrobetaine,JHPNVNIEXXLNTR-UHFFFAOYSA-O,HMDB0001161,C01181,"InChI=1S/C7H15NO2/c1-8(2,3)6-4-5-7(9)10/h4-6H2,1-3H3/p+1"
HILIC-pos_Cluster_0090: creatine,CVSVTCORWBXHQV-UHFFFAOYSA-N,HMDB0000064,C00300,"InChI=1S/C4H9N3O2/c1-7(4(5)6)2-3(8)9/h2H2,1H3,(H3,5,6)(H,8,9)"
HILIC-neg_Cluster_0073: threonine,AYFVYJQAPQTCCC-GBXIJSLDSA-N,HMDB0000167,C00188,"InChI=1S/C4H9NO3/c1-2(6)3(5)4(7)8/h2-3,6H,5H2,1H3,(H,7,8)/t2-,3+/m1/s1"
HILIC-pos_Cluster_0244: methionine sulfoxide,QEFRNWWLZKMPFJ-YGVKFDHGSA-N,HMDB0002005,C02989,"InChI=1S/C5H11NO3S/c1-10(9)3-2-4(6)5(7)8/h4H,2-3,6H2,1H3,(H,7,8)/t4-,10?/m0/s1"
C18-neg_Cluster_0144: 2-hydroxymyristic acid,JYZJYKOZGGEXSX-UHFFFAOYSA-N,HMDB0002261,,"InChI=1S/C14H28O3/c1-2-3-4-5-6-7-8-9-10-11-12-13(15)14(16)17/h13,15H,2-12H2,1H3,(H,16,17)"
HILIC-neg_Cluster_0062: alpha-ketoisovalerate,QHKABHOOEWYVLI-UHFFFAOYSA-N,HMDB0000019,C00141,"InChI=1S/C5H8O3/c1-3(2)4(6)5(7)8/h3H,1-2H3,(H,7,8)"
HILIC-pos_Cluster_0121: imidazole propionate,ZCKYOWGFRHAZIQ-UHFFFAOYSA-N,HMDB0002271,C20522,"InChI=1S/C6H8N2O2/c9-6(10)2-1-5-3-7-4-8-5/h3-4H,1-2H2,(H,7,8)(H,9,10)"
C18-neg_Cluster_1275: oleanolic acid,MIJYXULNPSFWEK-GTOFXWBISA-N,HMDB0002364,C17148,"InChI=1S/C30H48O3/c1-25(2)14-16-30(24(32)33)17-15-28(6)19(20(30)18-25)8-9-22-27(5)12-11-23(31)26(3,4)21(27)10-13-29(22,28)7/h8,20-23,31H,9-18H2,1-7H3,(H,32,33)/t20-,21-,22+,23-,27-,28+,29+,30-/m0/s1"
C8-pos_Cluster_0166: sphingosine,WWUZIQQURGPMPG-KRWOKUGFSA-N,HMDB0000252,C00319,"InChI=1S/C18H37NO2/c1-2-3-4-5-6-7-8-9-10-11-12-13-14-15-18(21)17(19)16-20/h14-15,17-18,20-21H,2-13,16,19H2,1H3/b15-14+/t17-,18+/m0/s1"
HILIC-neg_Cluster_0016: oxalate,MUBZPKHOEPUJKR-UHFFFAOYSA-N,HMDB0002329,C00209,"InChI=1S/C2H2O4/c3-1(4)2(5)6/h(H,3,4)(H,5,6)"
C18-neg_Cluster_0361: eicosatrienoic acid,HOBAELRKJCKHQD-QNEBEIHSSA-N,HMDB0002925,C03242,"InChI=1S/C20H34O2/c1-2-3-4-5-6-7-8-9-10-11-12-13-14-15-16-17-18-19-20(21)22/h6-7,9-10,12-13H,2-5,8,11,14-19H2,1H3,(H,21,22)/b7-6-,10-9-,13-12-"
HILIC-neg_Cluster_0033: malonate,OFOBLEOULBTSOW-UHFFFAOYSA-N,,C00383,"InChI=1S/C3H4O4/c4-2(5)1-3(6)7/h1H2,(H,4,5)(H,6,7)"
HILIC-pos_Cluster_0248: phenylalanine,COLNVLDHVKWLRT-QMMMGPOBSA-N,HMDB0000159,C00079,"InChI=1S/C9H11NO2/c10-8(9(11)12)6-7-4-2-1-3-5-7/h1-5,8H,6,10H2,(H,11,12)/t8-/m0/s1"
HILIC-pos_Cluster_0455: tryptophan,QIVBCDIJIAJPQS-VIFPVBQESA-N,HMDB0000929,C00078,"InChI=1S/C11H12N2O2/c12-9(11(14)15)5-7-6-13-10-4-2-1-3-8(7)10/h1-4,6,9,13H,5,12H2,(H,14,15)/t9-/m0/s1"
HILIC-neg_Cluster_0118: malate,BJEPYKJPYRNKOW-REOHCLBHSA-N,HMDB0000156,C00149,"InChI=1S/C4H6O5/c5-2(4(8)9)1-3(6)7/h2,5H,1H2,(H,6,7)(H,8,9)/t2-/m0/s1"
HILIC-pos_Cluster_1370: 5alpha-cholestanol,QYIXCDOBOSTCEI-QCYZZNICSA-N,HMDB0000908,,"InChI=1S/C27H48O/c1-18(2)7-6-8-19(3)23-11-12-24-22-10-9-20-17-21(28)13-15-26(20,4)25(22)14-16-27(23,24)5/h18-25,28H,6-17H2,1-5H3/t19-,20+,21+,22+,23-,24+,25+,26+,27-/m1/s1"
HILIC-pos_Cluster_0728: 2-deoxyadenosine,OLXZPDWKRNYJJZ-RRKCRQDMSA-N,HMDB0000101,C00559,"InChI=1S/C10H13N5O3/c11-9-8-10(13-3-12-9)15(4-14-8)7-1-5(17)6(2-16)18-7/h3-7,16-17H,1-2H2,(H2,11,12,13)/t5-,6+,7+/m0/s1"
C18-neg_Cluster_1197: glycoursodeoxycholic acid,GHCZAUBVMUEKKP-XROMFQGDSA-N,HMDB0000708,,"InChI=1S/C26H43NO5/c1-15(4-7-22(30)27-14-23(31)32)18-5-6-19-24-20(9-11-26(18,19)3)25(2)10-8-17(28)12-16(25)13-21(24)29/h15-21,24,28-29H,4-14H2,1-3H3,(H,27,30)(H,31,32)/t15-,16+,17-,18-,19+,20+,21+,24+,25+,26-/m1/s1"
C18-neg_Cluster_2068: maslinic acid,MDZKJHQSJHYOHJ-LLICELPBSA-N,HMDB0002392,C16939,"InChI=1S/C30H48O4/c1-25(2)12-14-30(24(33)34)15-13-28(6)18(19(30)16-25)8-9-22-27(5)17-20(31)23(32)26(3,4)21(27)10-11-29(22,28)7/h8,19-23,31-32H,9-17H2,1-7H3,(H,33,34)/t19-,20+,21-,22+,23-,27-,28+,29+,30-/m0/s1"
HILIC-pos_Cluster_0081: pipecolic acid,HXEACLLIILLPRG-YFKPBYRVSA-N,HMDB0000070,C00408,"InChI=1S/C6H11NO2/c8-6(9)5-3-1-2-4-7-5/h5,7H,1-4H2,(H,8,9)/t5-/m0/s1"
C18-neg_Cluster_0863: docosapentaenoic acid,YUFFSWGQGVEMMI-JLNKQSITSA-N,HMDB0006528,C16513,"InChI=1S/C22H34O2/c1-2-3-4-5-6-7-8-9-10-11-12-13-14-15-16-17-18-19-20-21-22(23)24/h3-4,6-7,9-10,12-13,15-16H,2,5,8,11,14,17-21H2,1H3,(H,23,24)/b4-3-,7-6-,10-9-,13-12-,16-15-"
HILIC-neg_Cluster_0003: propionate,XBDQKXXYIPTUBI-UHFFFAOYSA-N,HMDB0000237,C00163,"InChI=1S/C3H6O2/c1-2-3(4)5/h2H2,1H3,(H,4,5)"
HILIC-pos_Cluster_0048: betaine,KWIUHFFTVRNATP-UHFFFAOYSA-N,HMDB0000043,C00719,"InChI=1S/C5H11NO2/c1-6(2,3)4-5(7)8/h4H2,1-3H3"
HILIC-neg_Cluster_0230: levoglucosan,TWNIBLMWSKIRAT-VFUOTHLCSA-N,HMDB0000640,,"InChI=1S/C6H10O5/c7-3-2-1-10-6(11-2)5(9)4(3)8/h2-9H,1H2/t2-,3-,4+,5-,6-/m1/s1"
HILIC-neg_Cluster_0161: 2-methylglutaric acid,AQYCMVICBNBXNA-UHFFFAOYSA-N,HMDB0000422,,"InChI=1S/C6H10O4/c1-4(6(9)10)2-3-5(7)8/h4H,2-3H2,1H3,(H,7,8)(H,9,10)"
C18-neg_Cluster_0107: myristic acid,TUNFSRHWOTWDNC-UHFFFAOYSA-N,HMDB0000806,C06424,"InChI=1S/C14H28O2/c1-2-3-4-5-6-7-8-9-10-11-12-13-14(15)16/h2-13H2,1H3,(H,15,16)"
HILIC-pos_Cluster_0184: pyridoxamine,NHZMQXZHNVQTQA-UHFFFAOYSA-N,HMDB0001431,C00534,"InChI=1S/C8H12N2O2/c1-5-8(12)7(2-9)6(4-11)3-10-5/h3,11-12H,2,4,9H2,1H3"
HILIC-pos_Cluster_0046: valine,KZSNJWFQEVHDMF-BYPYZUCNSA-N,HMDB0000883,C00183,"InChI=1S/C5H11NO2/c1-3(2)4(6)5(7)8/h3-4H,6H2,1-2H3,(H,7,8)/t4-/m0/s1"
HILIC-neg_Cluster_1088: linoleoyl ethanolamide ,KQXDGUVSAAQARU-HZJYTTRNSA-N,HMDB0012252,,"InChI=1S/C20H37NO2/c1-2-3-4-5-6-7-8-9-10-11-12-13-14-15-16-17-20(23)21-18-19-22/h6-7,9-10,22H,2-5,8,11-19H2,1H3,(H,21,23)/b7-6-,10-9-"
C18-neg_Cluster_0515: palmitoylethanolamide,HXYVTAGFYLMHSO-UHFFFAOYSA-N,HMDB0002100,C16512,"InChI=1S/C18H37NO2/c1-2-3-4-5-6-7-8-9-10-11-12-13-14-15-18(21)19-16-17-20/h20H,2-17H2,1H3,(H,19,21)"
HILIC-pos_Cluster_0108: hypoxanthine,FDGQSTZJBFJUBT-UHFFFAOYSA-N,HMDB0000157,C00262,"InChI=1S/C5H4N4O/c10-5-3-4(7-1-6-3)8-2-9-5/h1-2H,(H2,6,7,8,9,10)"
HILIC-neg_Cluster_0122: erythronic acid,JPIJQSOTBSSVTP-PWNYCUMCSA-N,HMDB0000613,,"InChI=1S/C4H8O5/c5-1-2(6)3(7)4(8)9/h2-3,5-7H,1H2,(H,8,9)/t2-,3-/m1/s1"
C8-pos_Cluster_0339: linoleoyl ethanolamide ,KQXDGUVSAAQARU-HZJYTTRNSA-N,HMDB0012252,,"InChI=1S/C20H37NO2/c1-2-3-4-5-6-7-8-9-10-11-12-13-14-15-16-17-20(23)21-18-19-22/h6-7,9-10,22H,2-5,8,11-19H2,1H3,(H,21,23)/b7-6-,10-9-"
HILIC-neg_Cluster_0087: thymine,RWQNBRDOKXIBIV-UHFFFAOYSA-N,HMDB0000262,C00178,"InChI=1S/C5H6N2O2/c1-3-2-6-5(9)7-4(3)8/h2H,1H3,(H2,6,7,8,9)"
HILIC-pos_Cluster_0734: deoxyinosine,VGONTNSXDCQUGY-RRKCRQDMSA-N,HMDB0000071,C05512,"InChI=1S/C10H12N4O4/c15-2-6-5(16)1-7(18-6)14-4-13-8-9(14)11-3-12-10(8)17/h3-7,15-16H,1-2H2,(H,11,12,17)/t5-,6+,7+/m0/s1"
C18-neg_Cluster_0394: 9.10-diHOME,XEBKSQSGNGRGDW-YFHOEESVSA-N,HMDB0004704,,"InChI=1S/C18H34O4/c1-2-3-4-5-7-10-13-16(19)17(20)14-11-8-6-9-12-15-18(21)22/h7,10,16-17,19-20H,2-6,8-9,11-15H2,1H3,(H,21,22)/b10-7-"
HILIC-neg_Cluster_1170: lactose,GUBGYTABKSRVRQ-DCSYEGIMSA-N,HMDB0041627,C01970,"InChI=1S/C12H22O11/c13-1-3-5(15)6(16)9(19)12(22-3)23-10-4(2-14)21-11(20)8(18)7(10)17/h3-20H,1-2H2/t3-,4-,5+,6+,7-,8-,9-,10-,11-,12+/m1/s1"
C18-neg_Cluster_0927: alpha-muricholate,DKPMWHFRUGMUKF-GDYCBZMLSA-N,HMDB0000506,C17647,"InChI=1S/C24H40O5/c1-13(4-7-19(26)27)15-5-6-16-20-17(9-11-23(15,16)2)24(3)10-8-14(25)12-18(24)21(28)22(20)29/h13-18,20-22,25,28-29H,4-12H2,1-3H3,(H,26,27)/t13-,14-,15-,16+,17+,18+,20+,21+,22+,23-,24-/m1/s1"
C18-neg_Cluster_0171: palmitic acid,IPCSVZSSVZVIGE-UHFFFAOYSA-N,HMDB0000220,C00249,"InChI=1S/C16H32O2/c1-2-3-4-5-6-7-8-9-10-11-12-13-14-15-16(17)18/h2-15H2,1H3,(H,17,18)"
HILIC-pos_Cluster_1017: sphinganine,OTKJDMGTUTTYMP-ZWKOTPCHSA-N,HMDB0000269,C00836,"InChI=1S/C18H39NO2/c1-2-3-4-5-6-7-8-9-10-11-12-13-14-15-18(21)17(19)16-20/h17-18,20-21H,2-16,19H2,1H3/t17-,18+/m0/s1"
HILIC-pos_Cluster_0419: N-acetylhistidine,KBOJOGQFRVVWBH-ZETCQYMHSA-N,HMDB0032055,C02997,"InChI=1S/C8H11N3O3/c1-5(12)11-7(8(13)14)2-6-3-9-4-10-6/h3-4,7H,2H2,1H3,(H,9,10)(H,11,12)(H,13,14)/t7-/m0/s1"
C18-neg_Cluster_1081: glycolithocholic acid,XBSQTYHEGZTYJE-OETIFKLTSA-N,HMDB0000698,C15557,"InChI=1S/C26H43NO4/c1-16(4-9-23(29)27-15-24(30)31)20-7-8-21-19-6-5-17-14-18(28)10-12-25(17,2)22(19)11-13-26(20,21)3/h16-22,28H,4-15H2,1-3H3,(H,27,29)(H,30,31)/t16-,17-,18-,19+,20-,21+,22+,25+,26-/m1/s1"
HILIC-neg_Cluster_0452: tryptophan,QIVBCDIJIAJPQS-VIFPVBQESA-N,HMDB0000929,C00078,"InChI=1S/C11H12N2O2/c12-9(11(14)15)5-7-6-13-10-4-2-1-3-8(7)10/h1-4,6,9,13H,5,12H2,(H,14,15)/t9-/m0/s1"
C18-neg_Cluster_1385: maslinic acid,MDZKJHQSJHYOHJ-LLICELPBSA-N,HMDB0002392,C16939,"InChI=1S/C30H48O4/c1-25(2)12-14-30(24(33)34)15-13-28(6)18(19(30)16-25)8-9-22-27(5)17-20(31)23(32)26(3,4)21(27)10-11-29(22,28)7/h8,19-23,31-32H,9-17H2,1-7H3,(H,33,34)/t19-,20+,21-,22+,23-,27-,28+,29+,30-/m0/s1"
HILIC-neg_Cluster_0181: hydrocinnamic acid,XMIIGOLPHOKFCH-UHFFFAOYSA-N,HMDB0000764,C05629,"InChI=1S/C9H10O2/c10-9(11)7-6-8-4-2-1-3-5-8/h1-5H,6-7H2,(H,10,11)"
C18-neg_Cluster_0268: hexadecanedioic acid,QQHJDPROMQRDLA-UHFFFAOYSA-N,HMDB0000672,C19615,"InChI=1S/C16H30O4/c17-15(18)13-11-9-7-5-3-1-2-4-6-8-10-12-14-16(19)20/h1-14H2,(H,17,18)(H,19,20)"
HILIC-neg_Cluster_0182: guanine,UYTPUPDQBNUYGX-UHFFFAOYSA-N,HMDB0000132,C00242,"InChI=1S/C5H5N5O/c6-5-9-3-2(4(11)10-5)7-1-8-3/h1H,(H4,6,7,8,9,10,11)"
HILIC-neg_Cluster_0156: caprylic acid,WWZKQHOCKIZLMA-UHFFFAOYSA-N,HMDB0000482,C06423,"InChI=1S/C8H16O2/c1-2-3-4-5-6-7-8(9)10/h2-7H2,1H3,(H,9,10)"
HILIC-pos_Cluster_0384: N-acetylglutamic acid,RFMMMVDNIPUKGG-YFKPBYRVSA-N,HMDB0001138,C00624,"InChI=1S/C7H11NO5/c1-4(9)8-5(7(12)13)2-3-6(10)11/h5H,2-3H2,1H3,(H,8,9)(H,10,11)(H,12,13)/t5-/m0/s1"
HILIC-neg_Cluster_0176: xylose,SRBFZHDQGSBBOR-IOVATXLUSA-N,HMDB0000098,C00181,"InChI=1S/C5H10O5/c6-2-1-10-5(9)4(8)3(2)7/h2-9H,1H2/t2-,3+,4-,5?/m1/s1"
HILIC-pos_Cluster_0172: triethanolamine,GSEJCLTVZPLZKY-UHFFFAOYSA-N,HMDB0032538,C06771,"InChI=1S/C6H15NO3/c8-4-1-7(2-5-9)3-6-10/h8-10H,1-6H2"
HILIC-pos_Cluster_1113: phytosphingosine,AERBNCYCJBRYDG-KSZLIROESA-N,HMDB0004610,C12144,"InChI=1S/C18H39NO3/c1-2-3-4-5-6-7-8-9-10-11-12-13-14-17(21)18(22)16(19)15-20/h16-18,20-22H,2-15,19H2,1H3/t16-,17+,18-/m0/s1"
HILIC-neg_Cluster_0254: urate,LEHOTFFKMJEONL-UHFFFAOYSA-N,HMDB0000289,C00366,"InChI=1S/C5H4N4O3/c10-3-1-2(7-4(11)6-1)8-5(12)9-3/h(H4,6,7,8,9,10,11,12)"
C8-pos_Cluster_0253: sphingosine,WWUZIQQURGPMPG-KRWOKUGFSA-N,HMDB0000252,C00319,"InChI=1S/C18H37NO2/c1-2-3-4-5-6-7-8-9-10-11-12-13-14-15-18(21)17(19)16-20/h14-15,17-18,20-21H,2-13,16,19H2,1H3/b15-14+/t17-,18+/m0/s1"
HILIC-pos_Cluster_0295: arginine,ODKSFYDXXFIFQN-BYPYZUCNSA-N,HMDB0000517,C00062,"InChI=1S/C6H14N4O2/c7-4(5(11)12)2-1-3-10-6(8)9/h4H,1-3,7H2,(H,11,12)(H4,8,9,10)/t4-/m0/s1"
HILIC-pos_Cluster_0306: citrulline,RHGKLRLOHDJJDR-BYPYZUCNSA-N,HMDB0000904,C00327,"InChI=1S/C6H13N3O3/c7-4(5(10)11)2-1-3-9-6(8)12/h4H,1-3,7H2,(H,10,11)(H3,8,9,12)/t4-/m0/s1"
HILIC-neg_Cluster_0288: suberate,TYFQFVWCELRYAO-UHFFFAOYSA-N,HMDB0000893,C08278,"InChI=1S/C8H14O4/c9-7(10)5-3-1-2-4-6-8(11)12/h1-6H2,(H,9,10)(H,11,12)"
C8-pos_Cluster_0168: palmitoylethanolamide,HXYVTAGFYLMHSO-UHFFFAOYSA-N,HMDB0002100,C16512,"InChI=1S/C18H37NO2/c1-2-3-4-5-6-7-8-9-10-11-12-13-14-15-18(21)19-16-17-20/h20H,2-17H2,1H3,(H,19,21)"
C8-pos_Cluster_0123: sphingosine,WWUZIQQURGPMPG-KRWOKUGFSA-N,HMDB0000252,C00319,"InChI=1S/C18H37NO2/c1-2-3-4-5-6-7-8-9-10-11-12-13-14-15-18(21)17(19)16-20/h14-15,17-18,20-21H,2-13,16,19H2,1H3/b15-14+/t17-,18+/m0/s1"
HILIC-neg_Cluster_1325: linoleoyl ethanolamide,KQXDGUVSAAQARU-HZJYTTRNSA-N,HMDB0012252,,"InChI=1S/C20H37NO2/c1-2-3-4-5-6-7-8-9-10-11-12-13-14-15-16-17-20(23)21-18-19-22/h6-7,9-10,22H,2-5,8,11-19H2,1H3,(H,21,23)/b7-6-,10-9-"
HILIC-pos_Cluster_0113: trigonelline,WWNNZCOKKKDOPX-UHFFFAOYSA-N,HMDB0000875,C01004,"InChI=1S/C7H7NO2/c1-8-4-2-3-6(5-8)7(9)10/h2-5H,1H3"
C18-neg_Cluster_0930: cholate,BHQCQFFYRZLCQQ-OELDTZBJSA-N,HMDB0000619,C00695,"InChI=1S/C24H40O5/c1-13(4-7-21(28)29)16-5-6-17-22-18(12-20(27)24(16,17)3)23(2)9-8-15(25)10-14(23)11-19(22)26/h13-20,22,25-27H,4-12H2,1-3H3,(H,28,29)/t13-,14+,15-,16-,17+,18+,19-,20+,22+,23+,24-/m1/s1"
HILIC-neg_Cluster_1002: eicosapentaenoic acid,JAZBEHYOTPTENJ-JLNKQSITSA-N,HMDB0001999,C06428,"InChI=1S/C20H30O2/c1-2-3-4-5-6-7-8-9-10-11-12-13-14-15-16-17-18-19-20(21)22/h3-4,6-7,9-10,12-13,15-16H,2,5,8,11,14,17-19H2,1H3,(H,21,22)/b4-3-,7-6-,10-9-,13-12-,16-15-"
C18-neg_Cluster_0563: palmitoylethanolamide,HXYVTAGFYLMHSO-UHFFFAOYSA-N,HMDB0002100,C16512,"InChI=1S/C18H37NO2/c1-2-3-4-5-6-7-8-9-10-11-12-13-14-15-18(21)19-16-17-20/h20H,2-17H2,1H3,(H,19,21)"
C18-neg_Cluster_2021: urobilin,KDCCOOGTVSRCHX-RWPZCVJISA-N,HMDB0004160,C05794,"InChI=1S/C33H42N4O6/c1-7-20-19(6)32(42)37-27(20)14-25-18(5)23(10-12-31(40)41)29(35-25)15-28-22(9-11-30(38)39)17(4)24(34-28)13-26-16(3)21(8-2)33(43)36-26/h15,26-27,35H,7-14H2,1-6H3,(H,36,43)(H,37,42)(H,38,39)(H,40,41)/b28-15+"
HILIC-pos_Cluster_0254: 3-methylxanthine,GMSNIKWWOQHZGF-UHFFFAOYSA-N,HMDB0001886,C16357,"InChI=1S/C6H6N4O2/c1-10-4-3(7-2-8-4)5(11)9-6(10)12/h2H,1H3,(H,7,8)(H,9,11,12)"
HILIC-neg_Cluster_0232: acesulfame,YGCFIWIQZPHFLU-UHFFFAOYSA-N,HMDB0033585,,"InChI=1S/C4H5NO4S/c1-3-2-4(6)5-10(7,8)9-3/h2H,1H3,(H,5,6)"
HILIC-neg_Cluster_0084: 4-methylcatechol,ZBCATMYQYDCTIZ-UHFFFAOYSA-N,HMDB0000873,C06730,"InChI=1S/C7H8O2/c1-5-2-3-6(8)7(9)4-5/h2-4,8-9H,1H3"
C18-neg_Cluster_1324: docosapentaenoic acid ,YUFFSWGQGVEMMI-JLNKQSITSA-N,HMDB0006528,C16513,"InChI=1S/C22H34O2/c1-2-3-4-5-6-7-8-9-10-11-12-13-14-15-16-17-18-19-20-21-22(23)24/h3-4,6-7,9-10,12-13,15-16H,2,5,8,11,14,17-21H2,1H3,(H,23,24)/b4-3-,7-6-,10-9-,13-12-,16-15-"
C18-neg_Cluster_0591: eicosatrienoic acid,HOBAELRKJCKHQD-QNEBEIHSSA-N,HMDB0002925,C03242,"InChI=1S/C20H34O2/c1-2-3-4-5-6-7-8-9-10-11-12-13-14-15-16-17-18-19-20(21)22/h6-7,9-10,12-13H,2-5,8,11,14-19H2,1H3,(H,21,22)/b7-6-,10-9-,13-12-"
HILIC-neg_Cluster_0372: N-acetylglutamate,RFMMMVDNIPUKGG-YFKPBYRVSA-N,HMDB0001138,C00624,"InChI=1S/C7H11NO5/c1-4(9)8-5(7(12)13)2-3-6(10)11/h5H,2-3H2,1H3,(H,8,9)(H,10,11)(H,12,13)/t5-/m0/s1"
HILIC-neg_Cluster_0192: ribitol,HEBKCHPVOIAQTA-ZXFHETKHSA-N,HMDB0000508,C00474,"InChI=1S/C5H12O5/c6-1-3(8)5(10)4(9)2-7/h3-10H,1-2H2/t3-,4+,5-"
C18-neg_Cluster_0506: adrenic acid,TWSWSIQAPQLDBP-DOFZRALJSA-N,HMDB0002226,C16527,"InChI=1S/C22H36O2/c1-2-3-4-5-6-7-8-9-10-11-12-13-14-15-16-17-18-19-20-21-22(23)24/h6-7,9-10,12-13,15-16H,2-5,8,11,14,17-21H2,1H3,(H,23,24)/b7-6-,10-9-,13-12-,16-15-"
C8-pos_Cluster_0988: sphingosine,WWUZIQQURGPMPG-KRWOKUGFSA-N,HMDB0000252,C00319,"InChI=1S/C18H37NO2/c1-2-3-4-5-6-7-8-9-10-11-12-13-14-15-18(21)17(19)16-20/h14-15,17-18,20-21H,2-13,16,19H2,1H3/b15-14+/t17-,18+/m0/s1"
HILIC-neg_Cluster_1126: docosapentaenoate,AVKOENOBFIYBSA-WMPRHZDHSA-N,HMDB0001976,,"InChI=1S/C22H34O2/c1-2-3-4-5-6-7-8-9-10-11-12-13-14-15-16-17-18-19-20-21-22(23)24/h6-7,9-10,12-13,15-16,18-19H,2-5,8,11,14,17,20-21H2,1H3,(H,23,24)/b7-6-,10-9-,13-12-,16-15-,19-18-"
HILIC-neg_Cluster_0841: heptadecanoate,KEMQGTRYUADPNZ-UHFFFAOYSA-N,HMDB0002259,,"InChI=1S/C17H34O2/c1-2-3-4-5-6-7-8-9-10-11-12-13-14-15-16-17(18)19/h2-16H2,1H3,(H,18,19)"
HILIC-neg_Cluster_0032: 2-aminobutyric acid,QWCKQJZIFLGMSD-VKHMYHEASA-N,HMDB0000452,C02356,"InChI=1S/C4H9NO2/c1-2-3(5)4(6)7/h3H,2,5H2,1H3,(H,6,7)/t3-/m0/s1"
HILIC-neg_Cluster_0069: succite,KDYFGRWQOYBRFD-UHFFFAOYSA-N,HMDB0000254,C00042,"InChI=1S/C4H6O4/c5-3(6)1-2-4(7)8/h1-2H2,(H,5,6)(H,7,8)"
HILIC-neg_Cluster_0125: phenylacetate,WLJVXDMOQOGPHL-UHFFFAOYSA-N,HMDB0000209,C07086,"InChI=1S/C8H8O2/c9-8(10)6-7-4-2-1-3-5-7/h1-5H,6H2,(H,9,10)"
C18-neg_Cluster_0729: docosapentaenoic acid ,YUFFSWGQGVEMMI-JLNKQSITSA-N,HMDB0006528,C16513,"InChI=1S/C22H34O2/c1-2-3-4-5-6-7-8-9-10-11-12-13-14-15-16-17-18-19-20-21-22(23)24/h3-4,6-7,9-10,12-13,15-16H,2,5,8,11,14,17-21H2,1H3,(H,23,24)/b4-3-,7-6-,10-9-,13-12-,16-15-"
HILIC-pos_Cluster_0008: alanine,QNAYBMKLOCPYGJ-REOHCLBHSA-N,HMDB0000161,C00041,"InChI=1S/C3H7NO2/c1-2(4)3(5)6/h2H,4H2,1H3,(H,5,6)/t2-/m0/s1"
